[
    {
        "function": "minecraft:set_name",
        "entity": "this",
        "name": {
            "text": "Rare Quest ",
            "color": "blue",
            "italic": false,
            "extra": [
                {
                    "text": "\u00a7l\u25c6\u00a7r Mine Wood logs: ",
                    "color": "blue",
                    "bold": false,
                    "extra": [
                        {
                            "score": {
                                "name": "@s",
                                "objective": "quest.r.2"
                            },
                            "color": "yellow",
                            "bold": true,
                            "italic": false,
                            "extra": [
                                {
                                    "text": "/",
                                    "color": "blue",
                                    "bold": true,
                                    "italic": false,
                                    "extra": [
                                        {
                                            "score": {
                                                "name": "$quest.r.2",
                                                "objective": "__variable__"
                                            },
                                            "color": "blue",
                                            "bold": true,
                                            "italic": false
                                        }
                                    ]
                                }
                            ]
                        }
                    ]
                }
            ]
        }
    }
]