{
	"type": "origins:multiple",
	"active": {
		"type": "origins:resource",
		"min": 0,
		"max": 1
	},
	"cooldown": {
		"type": "origins:cooldown",
		"cooldown": 200,
		"hud_render": {
			"should_render": true,
			"sprite_location": "origins:textures/gui/community/spiderkolo/resource_bar_01.png",
			"bar_index": 24
		}
	},
	"activate": {
		"type": "origins:active_self",
		"entity_action": {
			"type": "origins:change_resource",
			"resource": "originsubspecies:abyssal_state_active",
			"operation": "set",
			"change": 1
		},
		"cooldown": 100,
		"hud_render": {
			"should_render": true,
			"sprite_location": "origins:textures/gui/community/spiderkolo/resource_bar_01.png",
			"bar_index": 24,
			"inverted": true
		},
		"key": {
			"key": "key.origins.secondary_active"
		},
		"condition": {
			"type": "origins:resource",
			"resource": "originsubspecies:abyssal_state_cooldown",
			"comparison": "==",
			"compare_to": 0
		}
	},
	"end": {
		"type": "origins:action_over_time",
		"interval": 1,
		"condition": {
			"type": "origins:resource",
			"resource": "originsubspecies:abyssal_state_activate",
			"comparison": "==",
			"compare_to": 0
		},
		"rising_action": {
			"type": "origins:and",
			"actions": [
				{
					"type": "origins:trigger_cooldown",
					"power": "originsubspecies:abyssal_state_cooldown"
				},
				{
					"type": "origins:change_resource",
					"resource": "originsubspecies:abyssal_state_active",
					"operation": "set",
					"change": 0
				}
			]
		}
	},
	"color": {
		"type": "origins:model_color",
		"red": 0,
		"green": 0,
		"blue": 0,
		"alpha": 0.5,
		"condition": {
			"type": "origins:resource",
			"resource": "originsubspecies:abyssal_state_active",
			"comparison": "==",
			"compare_to": 1
		}
	},
	"particles": {
		"type": "origins:particle",
		"frequency": 1,
		"count": 10,
		"spread": {
			"x": 1,
			"y": 2,
			"z": 1
		},
		"offset_y": 0,
		"particle": {
			"type": "minecraft:dust",
			"params": "0.0 0.0 0.0 3"
		},
		"condition": {
			"type": "origins:resource",
			"resource": "originsubspecies:abyssal_state_active",
			"comparison": "==",
			"compare_to": 1
		}
	},
	"collision": {
		"type": "origins:prevent_entity_collision",
		"condition": {
			"type": "origins:resource",
			"resource": "originsubspecies:abyssal_state_active",
			"comparison": "==",
			"compare_to": 1
		}
	},
	"invulnerable": {
		"type": "origins:modify_damage_taken",
		"modifier": {
			"operation": "multiply_total_multiplicative",
			"value": -1
		},
		"condition": {
			"type": "origins:resource",
			"resource": "originsubspecies:abyssal_state_active",
			"comparison": "==",
			"compare_to": 1
		}
	},
	"no_damage": {
		"type": "origins:modify_damage_dealt",
		"modifier": {
			"operation": "multiply_total_multiplicative",
			"value": -1
		},
		"condition": {
			"type": "origins:resource",
			"resource": "originsubspecies:abyssal_state_active",
			"comparison": "==",
			"compare_to": 1
		}
	},
	"speed": {
		"type": "origins:modify_attribute",
		"attribute": "generic.movement_speed",
		"modifier": {
			"operation": "multiply_total_multiplicative",
			"value": 0,
			"resource": "originsubspecies:abyssal_state_active",
			"modifier": {
				"operation": "multiply_total_multiplicative",
				"value": -0.5
			}
		}
	},
	"air_speed": {
		"type": "origins:modify_air_speed",
		"modifier": {
			"operation": "multiply_total_multiplicative",
			"value": 0.5
		},
		"condition": {
			"type": "origins:resource",
			"resource": "originsubspecies:abyssal_state_active",
			"comparison": "==",
			"compare_to": 1
		}
	},
	"name": "Abyssal State",
	"description": "You have the unique ability to temporarily enter a state in which your body is an extension of the void that lies below the end, rendering you nonphysical and intangible. While in this state, you cannot take or deal damage, and you move 50% faster."
}