{
	"type": "origins:multiple",
	"wings": {
		"type": "origins:elytra_flight",
		"render_elytra": true,
		"texture_location": "originsubspecies:textures/flamefowl_wings.png"
	},
	"flap": {
		"type": "origins:active_self",
		"entity_action": {
			"type": "origins:and",
			"actions": [
				{
					"type": "origins:add_velocity",
					"y": 0.5
				},
				{
				"type": "origins:execute_command",
				"command": "playsound minecraft:entity.parrot.fly player @s ~ ~ ~ 1 0.75"
				}
			]
		},
		"cooldown": 20,
		"hud_render": {
			"bar_index": 4
		},
		"key": {
			"key": "key.origins.primary_active"
		},
		"condition": {
			"type": "origins:fall_flying"
		}
	},
	"name": "Aerial Acrobat",
	"description": "You have fully-fledged wings, allowing you to glide and ascend using your primary ability key."
}