{
	"type": "origins:multiple",
	"dismount": {
		"type": "origins:active_self",
		"entity_action": {
			"type": "origins:passenger_action",
			"action": {
				"type": "origins:and",
				"actions": [
					{
						"type": "origins:dismount"
					},
					{
						"type": "origins:execute_command",
						"command": "scale set pehkui:base 1 @s"

					}
				]
			}
		},
		"key": {
			"key": "key.use"
		},
		"condition": {
			"type": "origins:sneaking"
		}
	},
	"pickup": {
		"type": "origins:action_on_entity_use",
		"bientity_action": {
			"type": "origins:and",
			"actions": [
				{
					"type": "origins:invert",
					"action": {
						"type": "origins:mount"
					}
				},
				{
					"type": "origins:target_action",
					"action": {
						"type": "origins:execute_command",
						"command": "scale set pehkui:base 0.01 @s"
					}
				}
			]
		},
		"condition": {
			"type": "origins:sneaking"
		}
	},
	"reset_on_death": {
		"type": "origins:self_action_when_hit",
		"entity_action": {
			"type": "origins:passenger_action",
			"action": {
				"type": "origins:execute_command",
				"command": "scale set pehkui:base 1 @s"
			}
		},
		"cooldown": 1,
		"condition": {
			"type": "origins:health",
			"comparison": "<=",
			"compare_to": 0
		}
	},
	"no_render": {
		"type": "origins:prevent_entity_render",
		"bientity_condition": {
			"type": "origins:invert",
			"condition": {
				"type": "origins:riding"
			}
		}
	},
	"no_damage": {
		"type": "origins:modify_damage_taken",
		"bientity_condition": {
			"type": "origins:riding"
		},
		"modifier": {
			"operation": "multiply_total_multiplicative",
			"value": -1
		}
	},
	"name": "Airborne Transport",
	"description": "You possess the ability to create an extradimensional bubble to carry other creatures in. Sneak right-click on a creature to pick it up. Sneak right-click while carrying a creature to put it back down."
}