{
	"type": "origins:multiple",
	"knockback": {
		"type": "origins:modify_damage_taken",
		"self_action": {
			"type": "origins:add_velocity",
			"space": "velocity_horizontal_normalized",
			"z": 0.5
		}
	},
	"jump": {
		"type": "origins:modify_jump",
		"modifier": {
			"operation": "addition",
			"value": 0.2
		}
	},
	"xp": {
		"type": "origins:modify_xp_gain",
		"modifier": {
			"operation": "multiply_total",
			"value": 1.0
		}
	},
	"name": "Ancient Body",
	"description": "Your body's adaptations to the ancient environment have not vanished over the years. You gain triple the exp and can jump 2.5 blocks up, but take increased knockback."
}