{
	"type": "origins:multiple",
	"day": {
		"type": "origins:modify_camera_submersion",
		"from": "none",
		"to": "lava",
		"condition": {
			"type": "origins:and",
			"conditions": [
				{
					"type": "origins:in_block_anywhere",
					"block_condition": {
						"type": "origins:light_level",
						"comparison": ">=",
						"compare_to": 10
					}
				},
				{
					"type": "origins:daytime"
				}
			]
		}
	},
	"night": {
		"type": "origins:modify_camera_submersion",
		"from": "none",
		"to": "lava",
		"condition": {
			"type": "origins:and",
			"conditions": [
				{
					"type": "origins:in_block_anywhere",
					"block_condition": {
						"type": "origins:light_level",
						"light_type": "block",
						"comparison": ">=",
						"compare_to": 10
					}
				},
				{
					"type": "origins:daytime",
					"inverted": true
				}
			]
		}
	},
	"lava_vision": {
		"type": "origins:lava_vision",
		"s": 0,
		"v": 5,
		"condition": {
			"type": "origins:submerged_in",
			"fluid": "minecraft:lava",
			"inverted": true
		}
	},
	"name": "Blinding Light",
	"description": "Your eyes are not accustomed to bright light. You see as if you were in lava when you are in an area with a light level of 10 or greater."
}