{
	"type": "origins:multiple",
	"timer": {
		"type": "origins:cooldown",
		"cooldown": 60,
		"hud_render": {
			"should_render": false
		}
	},
	"on_damage": {
		"type": "origins:modify_damage_taken",
		"damage_condition": {
			"type": "origins:or",
			"inverted": true,
			"conditions": [
				{
					"type": "origins:name",
					"name": "drown"
				},
				{
					"type": "origins:name",
					"name": "freeze"
				},
				{
					"type": "origins:name",
					"name": "indirectMagic"
				},
				{
					"type": "origins:name",
					"name": "hotFloor"
				},
				{
					"type": "origins:name",
					"name": "inFire"
				},
				{
					"type": "origins:name",
					"name": "lava"
				},
				{
					"type": "origins:name",
					"name": "magic"
				},
				{
					"type": "origins:name",
					"name": "onFire"
				},
				{
					"type": "origins:name",
					"name": "wither"
				}
			]
		},
		"condition": {
			"type": "origins:resource",
			"resource": "originsubspecies:parry_timer",
			"comparison": "==",
			"compare_to": 0
		},
		"self_action": {
			"type": "origins:trigger_cooldown",
			"power": "originsubspecies:brittle_armor_timer"
		}
	},
	"less_armor": {
		"type": "origins:conditioned_attribute",
		"modifier": {
			"attribute": "generic.armor",
			"operation": "multiply_total",
			"value": -0.33
		},
		"condition": {
			"type": "origins:resource",
			"resource": "originsubspecies:brittle_armor_timer",
			"comparison": ">",
			"compare_to": 0
		}
	},
	"name": "Brittle Armor",
	"description": "As you used your shell for pure defense less and less, it grew more and more brittle and prone to breaking. When you take damage from any source which would damage your shell, your armor is reduced by 33% for 3 seconds."
}