{
	"type": "origins:multiple",
	"timer": {
		"type": "origins:resource",
		"min": 0,
		"max": 60,
		"hud_render": {
			"should_render": false
		},
		"start_value": 0
	},
	"uncrouched_timer": {
		"type": "origins:cooldown",
		"cooldown": 61,
		"hud_render": {
			"should_render": false
		}
	},
	"crouching": {
		"type": "origins:action_over_time",
		"interval": 1,
		"entity_action": {
			"type": "origins:change_resource",
			"resource": "originsubspecies:camoflage_timer",
			"change": 1
		},
		"condition": {
			"type": "origins:sneaking"
		}
	},
	"invisibility": {
		"type": "origins:invisibility",
		"render_armor": false,
		"condition": {
			"type": "origins:resource",
			"resource": "originsubspecies:camoflage_timer",
			"comparison": "==",
			"compare_to": 60
		}
	},
	"speed_boost": {
		"type": "origins:conditioned_attribute",
		"modifier": {
			"attribute": "generic.movement_speed",
			"operation": "addition",
			"value": 0.1
		},
		"condition": {
			"type": "origins:resource",
			"resource": "originsubspecies:camoflage_timer",
			"comparison": "==",
			"compare_to": 60
		}
	},
	"uncrouch": {
		"type": "origins:action_over_time",
		"interval": 1,
		"rising_action": {
			"type": "origins:if_else",
			"condition": {
				"type": "origins:resource",
				"resource": "originsubspecies:camoflage_timer",
				"comparison": "==",
				"compare_to": 60
			},
			"if_action": {
				"type": "origins:trigger_cooldown",
				"power": "originsubspecies:camoflage_uncrouched_timer"
			},
			"else_action": {
				"type": "origins:change_resource",
				"resource": "originsubspecies:camoflage_timer",
				"change": 0,
				"operation": "set"
			}
		},
		"condition": {
			"type": "origins:and",
			"conditions": [
				{
					"type": "origins:sneaking",
					"inverted": true
				},
				{
					"type": "origins:resource",
					"resource": "originsubspecies:camoflage_timer",
					"comparison": ">",
					"compare_to": 0
				}
			]
		}
	},
	"camo_reset": {
		"type": "origins:action_over_time",
		"interval": 1,
		"rising_action": {
			"type": "origins:change_resource",
			"resource": "originsubspecies:camoflage_timer",
			"change": 0,
			"operation": "set"
		},
		"condition": {
			"type": "origins:and",
			"conditions": [
				{
					"type": "origins:resource",
					"resource": "originsubspecies:camoflage_uncrouched_timer",
					"comparison": "==",
					"compare_to": 1
				},
				{
					"type": "origins:sneaking",
					"inverted": true
				}
			]
		}
	},
	"damage_reset": {
		"type": "origins:modify_damage_taken",
		"self_action": {
			"type": "origins:change_resource",
			"resource": "originsubspecies:camoflage_timer",
			"change": 0,
			"operation": "set"
		}
	},
	"name": "Camoflage",
	"description": "You have the ability to completely camoflage yourself, rendering you and anything you are holding or wearing invisible. If you crouch uninterrupted for 3 seconds, you go completely invisible and gain a movement speed boost. 3 seconds after uncrouching, you become visible again if you have not resumed crouching. You also become visible upon taking damage."
}