{
	"type": "origins:multiple",
	"normal": {
		"type": "origins:particle",
		"particle": "minecraft:enchanted_hit",
		"frequency": 1,
		"condition": {
			"type": "origins:resource",
			"resource": "originsubspecies:hypercharge_mode",
			"comparison": "==",
			"compare_to": 0
		}
	},
	"charged": {
		"type": "origins:particle",
		"particle": "minecraft:end_rod",
		"frequency": 3,
		"condition": {
			"type": "origins:and",
			"conditions": [
				{
					"type": "origins:resource",
					"resource": "originsubspecies:hypercharge_mode",
					"comparison": "==",
					"compare_to": 0
				},
				{
					"type": "origins:resource",
					"resource": "originsubspecies:hypercharge_cooldown",
					"comparison": "==",
					"compare_to": 0
				}
			]
		}
	},
	"hypercharged": {
		"type": "origins:particle",
		"particle": "minecraft:end_rod",
		"frequency": 1,
		"condition": {
			"type": "origins:resource",
			"resource": "originsubspecies:hypercharge_mode",
			"comparison": ">",
			"compare_to": 0
		}
	},
	"hidden": true
}