{
	"type": "origins:multiple",
	"power_remove": {
		"type": "origins:action_on_callback",
		"entity_action_chosen": {
			"type": "origins:and",
			"actions": [
				{
					"type": "origins:delay",
					"action": {
						"type": "origins:execute_command",
						"command": "power remove @s origins:water_vulnerability"
				},
					"ticks": 1
				},
				{
					"type": "origins:delay",
					"action": {
						"type": "origins:execute_command",
						"command": "power remove @s origins:damage_from_snowballs"
					},
					"ticks": 1
				},
				{
					"type": "origins:delay",
					"action": {
						"type": "origins:execute_command",
						"command": "power remove @s origins:damage_from_potions"
					},
					"ticks": 1
				},
				{
					"type": "origins:delay",
					"action": {
						"type": "origins:execute_command",
						"command": "power remove @s origins:hotblooded"
					},
					"ticks": 1
				}
			]
		},
		"entity_action_added": {
			"type": "origins:and",
			"actions": [
				{
					"type": "origins:delay",
					"action": {
						"type": "origins:execute_command",
						"command": "power remove @s origins:water_vulnerability"
					},
					"ticks": 1
				},
				{
					"type": "origins:delay",
					"action": {
						"type": "origins:execute_command",
						"command": "power remove @s origins:damage_from_snowballs"
					},
					"ticks": 1
				},
				{
					"type": "origins:delay",
					"action": {
						"type": "origins:execute_command",
						"command": "power remove @s origins:damage_from_potions"
					},
					"ticks": 1
				},
				{
					"type": "origins:delay",
					"action": {
						"type": "origins:execute_command",
						"command": "power remove @s origins:hotblooded"
					},
					"ticks": 1
				}
			]
		},
		"entity_action_respawned": {
			"type": "origins:and",
			"actions": [
				{
					"type": "origins:delay",
					"action": {
						"type": "origins:execute_command",
						"command": "power remove @s origins:water_vulnerability"
					},
					"ticks": 1
				},
				{
					"type": "origins:delay",
					"action": {
						"type": "origins:execute_command",
						"command": "power remove @s origins:damage_from_snowballs"
					},
					"ticks": 1
				},
				{
					"type": "origins:delay",
					"action": {
						"type": "origins:execute_command",
						"command": "power remove @s origins:damage_from_potions"
					},
					"ticks": 1
				},
				{
					"type": "origins:delay",
					"action": {
						"type": "origins:execute_command",
						"command": "power remove @s origins:hotblooded"
					},
					"ticks": 1
				}
			]
		}
	},
	"name": "Chilled Form",
	"description": "Unlike many other members of your species, your body is not burning hot, but is, in fact, quite cool. You do not take damage from water, snowballs, or potions, but are vulnerable to the poison and hunger effects. You also cannot freeze to death."
}