{
	"type": "origins:conditioned_attribute",
	"modifiers": [
		{
			"attribute": "minecraft:generic.attack_damage",
			"operation": "multiply_total",
			"value": -0.25
		},
		{
			"attribute": "minecraft:generic.attack_speed",
			"operation": "multiply_total",
			"value": -0.33
		}
	],
	"condition": {
		"type": "origins:equipped_item",
		"equipment_slot": "mainhand",
		"item_condition": {
			"type": "origins:empty"
		},
		"inverted": true
	},
	"name": "Claw Grip",
	"description": "Due to the way your hands are formed, it is difficult for you to properly use weapons. Attacks made without an empty hand are 25% weaker and 33% slower."
}