{
	"type": "origins:invisibility",
	"render_armor": false,
	"condition": {
		"type": "origins:or",
		"conditions": [
			{
				"type": "origins:in_block_anywhere",
				"block_condition": {
					"type": "origins:light_level",
					"comparison": "<=",
					"compare_to": 2
				}
			},
			{
				"type": "origins:and",
				"conditions": [
					{
						"type": "origins:daytime",
						"inverted": true
					},
					{
						"type": "origins:in_block_anywhere",
						"block_condition": {
							"type": "origins:light_level",
							"light_type": "block",
							"comparison": "<=",
							"compare_to": 2
						}
					}
				]
			}
		]
	},
	"name": "Cloaked In Shadow",
	"description": "Due to your connection to the shadows, you gain complete invisibility while in dark areas."
}