{
	"type": "origins:multiple",
	"toggle": {
		"type": "origins:toggle",
		"active_by_default": false
	},
	"no_slip": {
		"type": "origins:modify_slipperiness",
		"modifier": {
			"operation": "set_total",
			"value": 0.6
		},
		"condition": {
			"type": "origins:power_active",
			"inverted": true,
			"power": "originsubspecies:cold_snap_toggle"
		}
	},
	"omnislip": {
		"type": "origins:modify_slipperiness",
		"modifier": {
			"operation": "multiply_base_multiplicative",
			"value": 0.7
		},
		"block_condition": {
			"type": "origins:and",
			"conditions": [
				{
					"type": "origins:block",
					"block": "minecraft:ice",
					"inverted": true
				},
				{
					"type": "origins:block",
					"block": "minecraft:packed_ice",
					"inverted": true
				},
				{
					"type": "origins:block",
					"block": "minecraft:blue_ice",
					"inverted": true
				}
			]
		},
		"condition": {
			"type": "origins:power_active",
			"power": "originsubspecies:cold_snap_toggle"
		}
	},
	"name": "Cold Snap",
	"description": "Due to your low body temperature, you can both freeze the ground below you and walk on ice without issue. You do not slip on ice by default, and can toggle slipping on all blocks at any time."
}