{
	"type": "origins:multiple",
	"sleep": {
		"type": "origins:prevent_sleep",
		"condition": {
			"type": "origins:or",
    			"conditions": [
        			{
            			"type": "origins:time_of_day",
           				"comparison": "<=",
            			"compare_to": 15000
        			},
        			{
        			    	"type": "origins:time_of_day",
            			"comparison": ">=",
            			"compare_to": 22300
        			}
			]
		},
		"message": "You aren't tired enough to sleep"
	},
	"low_speed": {
		"type": "origins:conditioned_attribute",
		"modifier": {
			"attribute": "generic.movement_speed",
			"operation": "multiply_base",
			"value": -0.33
		},
		"condition": {
			"type": "origins:and",
    			"conditions": [
        			{
            			"type": "origins:time_of_day",
           				"comparison": ">=",
            			"compare_to": 2000
        			},
        			{
        			    "type": "origins:time_of_day",
            			"comparison": "<=",
            			"compare_to": 9000
        			}
			]
		}
	},
	"low_damage": {
		"type": "origins:modify_damage_dealt",
		"modifier": {
			"operation": "multiply_base_additive",
			"value": -0.33
		},
		"condition": {
			"type": "origins:and",
    			"conditions": [
        			{
            			"type": "origins:time_of_day",
           				"comparison": ">=",
            			"compare_to": 2000
        			},
        			{
        			    	"type": "origins:time_of_day",
            			"comparison": "<=",
            			"compare_to": 9000
        			}
			]
		}
	},
	"high_speed": {
		"type": "origins:conditioned_attribute",
		"modifier": {
			"attribute": "generic.movement_speed",
			"operation": "multiply_base",
			"value": 0.5
		},
		"condition": {
			"type": "origins:or",
    			"conditions": [
				{
					"type": "origins:and",
					"conditions": [
        					{
            					"type": "origins:time_of_day",
           						"comparison": ">=",
            					"compare_to": 2000
        					},
        					{
        			   		 	"type": "origins:time_of_day",
            					"comparison": "<=",
            					"compare_to": 9000
						}
					]
        			},
				{
					"type": "origins:and",
    					"conditions": [
        					{
            					"type": "origins:time_of_day",
           						"comparison": ">=",
            					"compare_to": 15000
        					},
        					{
        			   		 	"type": "origins:time_of_day",
            					"comparison": "<=",
            					"compare_to": 22300
        					}
					]
				}
			],
			"inverted": true
		}
	},
	"high_damage": {
		"type": "origins:modify_damage_dealt",
		"modifier": {
			"operation": "multiply_base_additive",
			"value": 0.5
		},
		"condition": {
			"type": "origins:or",
    			"conditions": [
				{
					"type": "origins:and",
					"conditions": [
        					{
            					"type": "origins:time_of_day",
           						"comparison": ">=",
            					"compare_to": 2000
        					},
        					{
        			   		 	"type": "origins:time_of_day",
            					"comparison": "<=",
            					"compare_to": 9000
						}
					]
        			},
				{
					"type": "origins:and",
    					"conditions": [
        					{
            					"type": "origins:time_of_day",
           						"comparison": ">=",
            					"compare_to": 15000
        					},
        					{
        			   		 	"type": "origins:time_of_day",
            					"comparison": "<=",
            					"compare_to": 22300
        					}
					]
				}
			],
			"inverted": true
		}
	},
	"no_sprint": {
		"type": "origins:prevent_sprinting",
		"condition": {
			"type": "origins:and",
    			"conditions": [
        			{
            			"type": "origins:time_of_day",
           				"comparison": ">=",
            			"compare_to": 2000
        			},
        			{
        			    "type": "origins:time_of_day",
            			"comparison": "<=",
            			"compare_to": 9000
        			}
			]
		}
	},
	"name": "Crepuscular Shift",
	"description": "You are most active during dawn and dusk, and less active during the middle of the day and night. You can't sleep during dawn or dusk, and move 33% slower, can't sprint, and deal 33% less damage during the day. However, during dawn and dusk, you deal 50% more damage and move 50% faster."
}