{
	"type": "origins:multiple",
	"effects": {
		"type": "origins:modify_damage_dealt",
		"damage_condition": {
			"type": "origins:attacker",
			"entity_condition": {
				"type": "origins:equipped_item",
				"equipment_slot": "mainhand",
				"item_condition": {
					"type": "origins:empty"
				}
			}
		},
		"modifier": {
			"operation": "multiply_total",
			"value": 3
		},
		"target_action": {
			"type": "origins:and",
			"actions": [
				{
					"type": "origins:delay",
					"action": {
						"type": "origins:add_velocity",
						"x": 0,
						"y": 0,
						"z": 0,
						"set": true
					},
					"ticks": 1
				},
				{
					"type": "origins:apply_effect",
					"effect": {
						"effect": "minecraft:slowness",
						"duration": 200,
						"amplifier": 2,
						"is_ambient": true,
						"show_particles": false,
						"show_icon": false
					}
				}
			]
		}
	},
	"attack_speed": {
		"type": "origins:conditioned_attribute",
		"modifier": {
			"attribute": "minecraft:generic.attack_speed",
			"operation": "multiply_total",
			"value": -0.33
		},
		"condition": {
			"type": "origins:equipped_item",
			"equipment_slot": "mainhand",
			"item_condition": {
				"type": "origins:empty"
			}
		}
	},
	"name": "Crushing Claws",
	"description": "Your hands are shaped like large pincers, which you can use to restrain and crush enemies. Damage dealt with an empty hand is tripled, and empty handed attacks slow enemies for 10 seconds, but deal no knockback and are slower."
}