{
	"type": "origins:multiple",
	"color": {
		"type": "origins:model_color",
		"red": 0,
		"green": 0,
		"blue": 0,
		"condition": {
			"type": "origins:power_active",
			"power": "origins:phantomize",
			"inverted": true
		}
	},
	"glow": {
		"type": "origins:self_glow",
		"bientity_condition": {
			"type": "origins:can_see"
		},
		"use_teams": false,
		"red": 0,
		"blue": 0,
		"green": 0,
		"condition": {
			"type": "origins:power_active",
			"power": "origins:phantomize",
			"inverted": true
		}
	},
	"name": "Dark Form",
	"description": "Your body is entirely composed of shadows and darkness, resulting in it being devoid of any physical features or light."
}