{
	"type": "origins:multiple",
	"count": {
		"type": "origins:resource",
		"min": 0,
		"max": 7,
		"start_value": 7,
		"min_action": {
			"type": "origins:and",
			"actions": [
				{
					"type": "origins:execute_command",
					"command": "clear @s"
				},
				{
					"type": "origins:play_sound",
					"sound": "minecraft:block.beacon.deactivate"
				},
				{
					"type": "origins:change_resource",
					"resource": "originsubspecies:degrading_soul_count",
					"operation": "set",
					"change": 7
				}
			]
		}
	},
	"decrease": {
		"type": "epoli:action_on_death",
		"entity_action": {
			"type": "origins:change_resource",
			"resource": "originsubspecies:degrading_soul_count",
			"change": -1
		}
	},
	"modify": {
		"type": "origins:modify_attribute",
		"attribute": "generic.max_health",
		"modifier": {
			"operation": "set_total",
			"value": 0,
			"resource": "originsubspecies:degrading_soul_count",
			"modifier": {
				"operation": "multiply_total_multiplicative",
				"value": 1
			}
		}
	},
	"name": "Degrading Soul",
	"description": "While you cannot truly die, your soul does degrade as your physical bodies are destroyed, eventually breaking and reforming anew. When you die, you lose 1 heart of max health. Upon dying with 1 heart, all items are cleared from your inventory and your max health is reset to 7."
}