{
	"type": "origins:multiple",
	"level": {
		"type": "origins:resource",
		"min": 0,
		"max": 6000,
		"hud_render": {
			"sprite_location": "origins:textures/gui/community/spiderkolo/resource_bar_01.png",
			"bar_index": 2
		},
		"start_value": 6000
	},
	"reset": {
		"type": "origins:action_on_callback",
		"entity_action_respawned": {
			"type": "origins:change_resource",
			"resource": "originsubspecies:dehydration_level",
			"operation": "set",
			"change": 6000
		}
	},
	"decrease": {
		"type": "origins:action_over_time",
		"interval": 1,
		"entity_action": {
			"type": "origins:change_resource",
			"resource": "originsubspecies:dehydration_level",
			"change": -1
		},
		"condition": {
			"type": "origins:and",
			"conditions": [
				{
					"type": "origins:fluid_height",
					"fluid": "minecraft:water",
					"comparison": "==",
					"compare_to": 0
				},
				{
					"type": "origins:on_fire",
					"inverted": "true"
				}
			]
		}
	},
	"decrease_fire": {
		"type": "origins:action_over_time",
		"interval": 1,
		"entity_action": {
			"type": "origins:change_resource",
			"resource": "originsubspecies:dehydration_level",
			"change": -20
		},
		"condition": {
			"type": "origins:and",
			"conditions": [
				{
					"type": "origins:fluid_height",
					"fluid": "minecraft:water",
					"comparison": "==",
					"compare_to": 0
				},
				{
					"type": "origins:on_fire"
				}
			]
		}
	},
	"increase": {		
		"type": "origins:action_over_time",
		"interval": 1,
		"entity_action": {
			"type": "origins:change_resource",
			"resource": "originsubspecies:dehydration_level",
			"change": 20
		},
		"condition": {
			"type": "origins:fluid_height",
			"fluid": "minecraft:water",
			"comparison": ">",
			"compare_to": 0
		}
	},
	"one_min": {
		"type": "origins:exhaust",
		"interval": 100,
		"exhaustion": 1.5,
		"condition": {
			"type": "origins:resource",
			"resource": "originsubspecies:dehydration_level",
			"comparison": "<=",
			"compare_to": 4800
		}
	},
	"two_min": {
		"type": "origins:modify_break_speed",
		"modifier": {
			"operation": "multiply_base",
			"value": -0.8
		},
		"condition": {
			"type": "origins:resource",
			"resource": "originsubspecies:dehydration_level",
			"comparison": "<=",
			"compare_to": 3600
		}
	},
	"three_min": {
		"type": "origins:disable_regen",
		"condition": {
			"type": "origins:resource",
			"resource": "originsubspecies:dehydration_level",
			"comparison": "<=",
			"compare_to": 2400
		}
	},
	"four_min_blur": {
		"type": "origins:shader",
		"shader": "minecraft:shaders/post/blobs2.json",
		"toggleable": false,
		"condition": {
			"type": "origins:resource",
			"resource": "originsubspecies:dehydration_level",
			"comparison": "<=",
			"compare_to": 1200
		}
	},
	"four_min_slow": {
		"type": "origins:conditioned_attribute",
		"modifier": {
			"attribute": "generic.movement_speed",
			"operation": "multiply_base",
			"value": -0.66
		},
		"condition": {
			"type": "origins:resource",
			"resource": "originsubspecies:dehydration_level",
			"comparison": "<=",
			"compare_to": 1200
		}
	},
	"four_min_sprint": {
		"type": "origins:prevent_sprinting",
		"condition": {
			"type": "origins:resource",
			"resource": "originsubspecies:dehydration_level",
			"comparison": "<=",
			"compare_to": 1200
		}
	},
	"four_min_jump": {
		"type": "origins:modify_jump",
		"modifier": {
			"operation": "multiply_total",
			"value": -1
		},
		"condition": {
			"type": "origins:resource",
			"resource": "originsubspecies:dehydration_level",
			"comparison": "<=",
			"compare_to": 1200
		}
	},
	"five_min": {
		"type": "origins:damage_over_time",
		"interval": 10,
		"onset_delay": 200,
		"damage": 2,
		"damage_easy": 1,
		"damage_source": {
 			"name": "dryout",
			"unblockable": true,
			"bypasses_armor": true
		},
		"condition": {
			"type": "origins:resource",
			"resource": "originsubspecies:dehydration_level",
			"comparison": "<=",
			"compare_to": 0
		}
	},
	"name": "Dehydration",
	"description": "Your body requires sufficient moisture to function, and responds badly to dehydration. When not in water, you slowly dehydrate over the course of 5 minutes. Each minute, you suffer a new negative condition. Being on fire reduces hydration much faster."
}