{
	"type": "origins:action_on_callback",
	"entity_action_chosen": {
		"type": "origins:and",
		"actions": [
			{
				"type": "origins:delay",
				"action": {
					"type": "origins:execute_command",
					"command": "power remove @s origins:water_vulnerability"
				},
				"ticks": 1
			},
			{
				"type": "origins:delay",
				"action": {
					"type": "origins:execute_command",
					"command": "power remove @s origins:damage_from_snowballs"
				},
				"ticks": 1
			},
			{
				"type": "origins:delay",
				"action": {
					"type": "origins:execute_command",
					"command": "power remove @s origins:damage_from_potions"
				},
				"ticks": 1
			}
		]
	},
	"entity_action_added": {
		"type": "origins:and",
		"actions": [
			{
				"type": "origins:delay",
				"action": {
					"type": "origins:execute_command",
					"command": "power remove @s origins:water_vulnerability"
				},
				"ticks": 1
			},
			{
				"type": "origins:delay",
				"action": {
					"type": "origins:execute_command",
					"command": "power remove @s origins:damage_from_snowballs"
				},
				"ticks": 1
			},
			{
				"type": "origins:delay",
				"action": {
					"type": "origins:execute_command",
					"command": "power remove @s origins:damage_from_potions"
				},
				"ticks": 1
			}
		]
	},
	"entity_action_respawned": {
		"type": "origins:and",
		"actions": [
			{
				"type": "origins:delay",
				"action": {
					"type": "origins:execute_command",
					"command": "power remove @s origins:water_vulnerability"
				},
				"ticks": 1
			},
			{
				"type": "origins:delay",
				"action": {
					"type": "origins:execute_command",
					"command": "power remove @s origins:damage_from_snowballs"
				},
				"ticks": 1
			},
			{
				"type": "origins:delay",
				"action": {
					"type": "origins:execute_command",
					"command": "power remove @s origins:damage_from_potions"
				},
				"ticks": 1
			}
		]
	},
	"name": "Electrical Fire",
	"description": "The strange flame of which your body is made cannot be extinguished by water. You do not take damage from water, snowballs, or drinking potions."
}