{
	"type": "origins:restrict_armor",
	"head": {
		"type": "origins:armor_value",
		"comparison": ">",
		"compare_to": 2
	},
	"chest": {
		"type": "origins:armor_value",
    		"comparison": ">",
    		"compare_to": 5
  	},
  	"legs": {
   		"type": "origins:armor_value",
    		"comparison": ">",
    		"compare_to": 4
 	},
  	"feet": {
    		"type": "origins:armor_value",
    		"comparison": ">",
    		"compare_to": 1
  	},
	"name": "Energy Blocker",
	"description": "Heavy armor blocks the magical energy you use and absorb, so you never wear it. You cannot wear armor more powerful than chainmail."
}