{
	"type": "origins:multiple",
	"slowness": {
		"type": "origins:action_over_time",
		"interval": 1,
		"entity_action": {
			"type": "origins:apply_effect",
			"effect": {
				"effect": "minecraft:slowness",
				"duration": 20,
				"amplifier": 1,
				"show_particles": false,
				"show_icon": false
			}
		},
		"condition": {
			"type": "origins:air",
			"comparison": "<=",
			"compare_to": 200
		}
	},
	"weakness": {
		"type": "origins:action_over_time",
		"interval": 1,
		"entity_action": {
			"type": "origins:apply_effect",
			"effect": {
				"effect": "minecraft:weakness",
				"duration": 20,
				"amplifier": 1,
				"show_particles": false,
				"show_icon": false
			}
		},
		"condition": {
			"type": "origins:air",
			"comparison": "<=",
			"compare_to": 140
		}
	},
	"blindness": {
		"type": "origins:action_over_time",
		"interval": 1,
		"entity_action": {
			"type": "origins:apply_effect",
			"effect": {
				"effect": "minecraft:blindness",
				"duration": 40,
				"amplifier": 0,
				"show_particles": false,
				"show_icon": false
			}
		},
		"condition": {
			"type": "origins:air",
			"comparison": "<=",
			"compare_to": 100
		}
	},
	"damage": {
		"type": "origins:damage_over_time",
		"interval": 10,
		"onset_delay": 1,
		"damage": 2,
		"damage_easy": 1,
		"damage_source": {
			"name": "dryout",
			"bypasses_armor": true,
			"unblockable": true
		},
		"protection_enchantment": "minecraft:respiration",
		"protection_effectiveness": 20.0,
		"condition": {
			"type": "origins:air",
			"comparison": "<=",
			"compare_to": 1
		}
	},
	"name": "Evaporation",
	"description": "When not in water, the high amount of water in your body quickly begins to evaporate, weakening and eventually killing you. This process can be slowed by wearing armor enchanted with respiration."
}