{
	"type": "origins:modify_damage_taken",
	"damage_condition": {
		"type": "origins:or",
		"conditions": [
			{
				"type": "origins:name",
				"name": "onFire"
			},
			{
				"type": "origins:name",
				"name": "inFire"
			},
			{
				"type": "origins:name",
				"name": "lava"
			},
			{
				"type": "origins:name",
				"name": "hotFloor"
			}	
		]
	},
	"modifier": {
		"operation": "multiply_total",
		"value": 0.5
	},
	"name": "Flammable",
	"description": "Your highly flammable body takes 1.5x damage from fire."
}	