{
	"type": "origins:stacking_status_effect",
	"min_stacks": 0,
	"max_stacks": 240,
	"duration_per_stack": 5,
	"effects": [
		{
			"effect": "minecraft:slowness",
			"show_particles": false,
			"is_ambient": true
		},
		{
			"effect": "minecraft:weakness",
			"show_particles": false,
			"is_ambient": true
		}
	],
	"condition": {
		"type": "origins:and",
		"conditions": [
			{
				"type": "origins:in_block",
				"block_condition": {
					"type": "origins:height",
					"comparison": "<",
					"compare_to": 86
				}
			},
			{
				"type": "origins:fall_flying",
				"inverted": true
			}
		]
	},
	"name": "Flight Longing",
	"description": "You are meant to live close to the skies, and every second you spend not flying while below y=86 weakens you."
}