{
	"type": "origins:multiple",
	"toggle": {
		"type": "origins:toggle",
		"active_by_default": false
	},
	"phasing": {
		"type": "origins:phasing",
		"view_distance": 25.0,
		"phase_down_condition": {
			"type": "origins:and",
			"conditions": [
				{
					"type": "origins:sneaking"
				},
				{
					"type": "origins:on_block"
				}
			]
		},
		"condition": {
			"type": "origins:and",
			"conditions": [
				{
					"type": "origins:in_block_anywhere",
					"block_condition": {
						"type": "origins:or",
						"conditions": [
							{
								"type": "origins:block",
								"block": "minecraft:air"
							},
							{
								"type": "origins:block",
								"block": "minecraft:cave_air"
							},
							{
								"type": "origins:block",
								"block": "minecraft:void_air"
							}
						]
					},
					"inverted": true
				},
				{
					"type": "origins:power_active",
					"power": "originsubspecies:fluid_body_toggle"
				}
			]
		}
	},
	"slow_phasing": {
		"type": "origins:conditioned_attribute",
		"modifier": {
			"attribute": "generic.movement_speed",
			"operation": "addition",
			"value": -0.075
		},
		"tick_rate": 20,
		"condition": {
			"type": "origins:and",
			"conditions": [
				{
					"type": "origins:in_block_anywhere",
					"block_condition": {
						"type": "origins:or",
						"conditions": [
							{
								"type": "origins:block",
								"block": "minecraft:air"
							},
							{
								"type": "origins:block",
								"block": "minecraft:cave_air"
							},
							{
								"type": "origins:block",
								"block": "minecraft:void_air"
							},
							{
								"type": "origins:block",
								"block": "minecraft:water"
							}
						]
					},
					"inverted": true
				},
				{
					"type": "origins:power_active",
					"power": "originsubspecies:fluid_body_toggle"
				}
			]
		}
	},
	"flight": {
		"type": "origins:creative_flight",
		"condition": {
			"type": "origins:and",
			"conditions": [
				{
    					"type": "origins:submerged_in",
    					"fluid": "minecraft:water"
				},
				{
					"type": "origins:power_active",
					"power": "originsubspecies:fluid_body_toggle"
				}
			]
		}
	},
	"transluscent": {
		"type": "origins:model_color",
		"alpha": 0.15,
		"condition": {
			"type": "origins:and",
			"conditions": [
				{
					"type": "origins:in_block_anywhere",
					"block_condition": {
						"type": "origins:or",
						"conditions": [
							{
								"type": "origins:block",
								"block": "minecraft:air"
							},
							{
								"type": "origins:block",
								"block": "minecraft:cave_air"
							},
							{
								"type": "origins:block",
								"block": "minecraft:void_air"
							}
						]
					},
					"inverted": true
				},
				{
					"type": "origins:power_active",
					"power": "originsubspecies:fluid_body_toggle"
				}
			]
		}
	},
	"no_regen": {
		"type": "origins:disable_regen",
		"condition": {
			"type": "origins:and",
			"conditions": [
				{
					"type": "origins:in_block_anywhere",
					"block_condition": {
						"type": "origins:or",
						"conditions": [
							{
								"type": "origins:block",
								"block": "minecraft:air"
							},
							{
								"type": "origins:block",
								"block": "minecraft:cave_air"
							},
							{
								"type": "origins:block",
								"block": "minecraft:void_air"
							}
						]
					},
					"inverted": true
				},
				{
					"type": "origins:power_active",
					"power": "originsubspecies:fluid_body_toggle"
				}
			]
		}
	},
	"name": "Fluid Body",
	"description": "Your body is almost completely formed of water, allowing you to slip through walls and fly through water when not on land(Toggled using primary ability key). However, you cannot regenerate your health in this form, and you move through walls quite slowly."
}