{
	"type": "origins:modify_damage_dealt",
	"bientity_condition": {
		"type": "origins:actor_condition",
		"condition": {
			"type": "origins:block_in_radius",
			"block_condition": {
				"type": "origins:or",
				"conditions": [
					{
						"type": "origins:block",
						"block": "minecraft:snow"
					},
					{
						"type": "origins:block",
						"block": "minecraft:snow_block"
					},
					{
						"type": "origins:block",
						"block": "minecraft:powder_snow"
					},
					{
						"type": "origins:block",
						"block": "minecraft:ice"
					},
					{
						"type": "origins:block",
						"block": "minecraft:packed_ice"
					},
					{
						"type": "origins:block",
						"block": "minecraft:blue_ice"
					}
				]
			},
			"radius": 5,
			"compare_to": 5
		}
	},
	"modifier": {
		"operation": "multiply_total_multiplicative",
		"value": 0.5
	},
	"name": "Frigid Strikes",
	"description": "When in an area of ice and snow, such as a mountaintop or a tundra, you channel the frigid winds into every strike. You deal 50% more damage when near any form of snow or ice."
		
}