{
	"type": "origins:multiple",
	"no_fire": {
		"type": "origins:action_on_callback",
		"entity_action_chosen": {
			"type": "origins:delay",
			"action": {
				"type": "origins:execute_command",
				"command": "power remove @s origins:flame_particles"
			},
			"ticks": 1
		},
		"entity_action_added": {
			"type": "origins:delay",
			"action": {
				"type": "origins:execute_command",
				"command": "power remove @s origins:flame_particles"
			},
			"ticks": 1
		},
		"entity_action_respawned": {
			"type": "origins:delay",
			"action": {
				"type": "origins:execute_command",
				"command": "power remove @s origins:flame_particles"
			},
			"ticks": 1
		}
	},
	"blue_fire": {
		"type": "origins:particle",
		"particle": "minecraft:soul_fire_flame",
		"frequency": 3
	},
	"hidden": true
}