{
	"type": "origins:multiple",
	"day_fall_speed": {
		"type": "origins:modify_falling",
		"velocity": 0.14,
		"take_fall_damage": true,
		"condition": {
			"type": "origins:or",
			"conditions": [
				{
					"type": "origins:and",
					"conditions": [
						{
							"type": "origins:daytime"
						},
						{
							"type": "origins:exposed_to_sky"
						}
					]
				},
				{
					"type": "origins:dimension",
					"dimension": "minecraft:the_nether"
				}
			]
		}
	},
	"night_fall_speed": {
		"type": "origins:modify_falling",
		"velocity": 0.01,
		"take_fall_damage": false,
		"condition": {
			"type": "origins:or",
			"conditions": [
				{
					"type": "origins:and",
					"conditions": [
						{
							"type": "origins:daytime",
							"inverted": true
						},
						{
							"type": "origins:exposed_to_sky"
						},
						{
							"type": "origins:dimension",
							"dimension": "minecraft:the_nether",
							"inverted": true
						}
					]
				},
				{
					"type": "origins:dimension",
					"dimension": "minecraft:the_end"
				}
			]
		}
	},
	"day_weakness": {
		"type": "origins:modify_damage_dealt",
		"condition": {
			"type": "origins:or",
			"conditions": [
				{
					"type": "origins:and",
					"conditions": [
						{
							"type": "origins:daytime"
						},
						{
							"type": "origins:exposed_to_sky"
						}
					]
				},
				{
					"type": "origins:dimension",
					"dimension": "minecraft:the_nether"
				}
			]
		},
		"modifier": {
			"operation": "multiply_total",
			"value": -0.33
		}
	},
	"night_strength": {
		"type": "origins:modify_damage_dealt",
		"condition": {
			"type": "origins:or",
			"conditions": [
				{
					"type": "origins:and",
					"conditions": [
						{
							"type": "origins:daytime",
							"inverted": true
						},
						{
							"type": "origins:exposed_to_sky"
						},
						{
							"type": "origins:dimension",
							"dimension": "minecraft:the_nether",
							"inverted": true
						}
					]
				},
				{
					"type": "origins:dimension",
					"dimension": "minecraft:the_end"
				}
			]
		},
		"modifier": {
			"operation": "multiply_total",
			"value": 0.33
		}
	},
	"name": "Galactic Energy",
	"description": "You draw your power from the stars and The End, and weaken without their power. When in direct sunlight or in The Nether, you fall at an increased rate and deal 33% less damage. When in direct moonlight or in The End, you fall slower and deal 33% more damage."
}