{
	"type": "origins:multiple",
	"timer": {
		"type": "origins:cooldown",
		"cooldown": 300,
		"hud_render": {
			"sprite_location": "origins:textures/gui/community/spiderkolo/resource_bar_01.png",
			"bar_index": 4,
			"inverted": true
		}
	},
	"activate": {
		"type": "origins:active_self",
		"entity_action": {
			"type": "origins:trigger_cooldown",
			"power": "originsubspecies:gaseous_form_timer"
		},
		"condition": {
			"type": "origins:and",
			"conditions": [
				{
					"type": "origins:resource",
					"resource": "originsubspecies:gaseous_form_timer",
					"comparison": "==",	
					"compare_to": 0
				},
				{
					"type": "origins:resource",
					"resource": "originsubspecies:gaseous_form_cooldown",
					"comparison": "==",	
					"compare_to": 0
				}
			]
		}
	},
	"phase": {
		"type": "origins:phasing",
		"blacklist": true,
		"block_condition": {
			"type": "origins:in_tag",
			"tag": "origins:unphasable"
		},
		"phase_down_condition": {
			"type": "origins:and",
			"conditions": [
				{
					"type": "origins:sneaking"
				},
				{
					"type": "origins:on_block"
				}
			]
		},
		"condition": {
			"type": "origins:resource",
			"resource": "originsubspecies:gaseous_form_timer",
			"comparison": ">",
			"compare_to": 0
		}
	},
	"invisible": {
		"type": "origins:invisibility",
		"render_armor": true,
		"condition": {
			"type": "origins:resource",
			"resource": "originsubspecies:gaseous_form_timer",
			"comparison": ">",
			"compare_to": 0
		}
	},
	"cooldown": {
		"type": "origins:cooldown",
		"cooldown": 300,
		"hud_render": {
			"sprite_location": "origins:textures/gui/community/spiderkolo/resource_bar_02.png",
			"bar_index": 7
		}
	},
	"end": {
		"type": "origins:action_over_time",
		"interval": 1,
		"rising_action": {
			"type": "origins:trigger_cooldown",
			"power": "originsubspecies:gaseous_form_cooldown"
		},
		"condition": {
			"type": "origins:resource",
			"resource": "originsubspecies:gaseous_form_timer",
			"comparison": "==",
			"compare_to": 0
		}
	},
	"name": "Gaseous Form",
	"description": "You have the ability to temporarily convert your body into an etherial gas. By pressing the primary ability key, you gain the ability to phase through any blocks except obsidian for 15 seconds with a cooldown of 15 seconds."
}