{
	"type": "origins:multiple",
	"size": {
		"type": "origins:action_on_callback",
		"entity_action_chosen": {
			"type": "origins:and",
			"actions": [
				{
					"type": "origins:execute_command",
					"command": "scale set pehkui:height 1.25"
				},
				{
					"type": "origins:execute_command",
					"command": "scale set pehkui:width 1.25"
				}
			]	
		},
		"entity_action_respawned": {
			"type": "origins:and",
			"actions": [
				{
					"type": "origins:execute_command",
					"command": "scale set pehkui:height 1.25"
				},
				{
					"type": "origins:execute_command",
					"command": "scale set pehkui:width 1.25"
				}
			]
		},
		"entity_action_lost": {
			"type": "origins:and",
			"actions": [
				{
					"type": "origins:execute_command",
					"command": "scale reset pehkui:height"
				},
				{
					"type": "origins:execute_command",
					"command": "scale reset pehkui:width"
				}
			]
		}
	},
	"speed": {
		"type": "origins:attribute",
		"modifier": {
			"attribute": "generic.movement_speed",
			"operation": "multiply_base",
			"value": 0.15
		}
	},
	"damage": {
		"type": "origins:modify_damage_dealt",
		"modifier": {
			"operation": "multiply_total",
			"value": 0.25
		}
	},
	"name": "Great Stature",
	"description": "You are 1.25x the size of a normal player, and as such you move 15% faster and deal 25% more damage."
}