{
	"type": "origins:multiple",
	"attributes": {
		"type": "origins:attribute",
		"modifier": {
			"attribute": "minecraft:generic.movement_speed",
			"operation": "multiply_base",
			"value": -0.5
		}
	},
	"air_speed": {
		"type": "origins:modify_air_speed",
		"modifier": {
			"operation": "multiply_base",
			"value": -0.5
		}
	},
	"falling_speed": {
		"type": "origins:modify_falling",
		"velocity": 0.25
	},
	"name": "Heavy Body",
	"description": "Due to your thick armor, your body is significantly heavier. You move 50% slower and fall faster."
}