{
	"type": "origins:model_color",
	"alpha": 0.11,
	"condition": {
		"type": "origins:in_block_anywhere",
		"block_condition": {
			"type": "origins:or",
			"conditions": [
				{
					"type": "origins:in_tag",
					"tag": "origins:cobwebs"
				},
				{
					"type": "origins:block",
					"block": "minecraft:grass"
				},
				{
					"type": "origins:block",
					"block": "minecraft:tall_grass"
				},
				{
					"type": "origins:block",
					"block": "minecraft:kelp"
				},
				{
					"type": "origins:block",
					"block": "minecraft:kelp_plant"
				},
				{
					"type": "origins:block",
					"block": "minecraft:seagrass"
				},
				{
					"type": "origins:block",
					"block": "minecraft:tall_seagrass"
				},
				{
					"type": "origins:in_tag",
					"tag": "minecraft:corals"
				},
				{
					"type": "origins:in_tag",
					"tag": "minecraft:flowers"
				},
				{
					"type": "origins:in_tag",
					"tag": "minecraft:saplings"
				},
				{
					"type": "origins:block",
					"block": "minecraft:fern"
				},
				{
					"type": "origins:block",
					"block": "minecraft:large_fern"
				},
				{
					"type": "origins:block",
					"block": "minecraft:crimson_roots"
				},
				{
					"type": "origins:block",
					"block": "minecraft:warped_roots"
				},
				{
					"type": "origins:block",
					"block": "minecraft:sugar_cane"
				}
			]
		}
	},
	"name": "Hide Away",
	"description": "Due to your small size and natural skill at remaining unseen, you become nearly invisible to others when in cobwebs or foliage."
}