{
	"type": "origins:multiple",
	"timer": {
		"type": "origins:resource",
		"min": 0,
		"max": 60,
		"hud_render": {
			"should_render": false
		}
	},
	"on_hit": {
		"type": "origins:action_on_hit",
		"bientity_action": {
			"type": "origins:actor_action",
			"action": {
				"type": "origins:change_resource",
				"resource": "originsubspecies:hit_and_run_timer",
				"change": 60,
				"operation": "set"
			}
		}
	},
	"timer_decrease": {
		"type": "origins:action_over_time",
		"interval": 1,
		"entity_action": {
			"type": "origins:change_resource",
			"resource": "originsubspecies:hit_and_run_timer",
			"change": -1,
			"operation": "add"
		},
		"condition": {
			"type": "origins:resource",
			"resource": "originsubspecies:hit_and_run_timer",
			"comparison": ">",
			"compare_to": 0
		}
	},
	"speed_boost": {
		"type": "origins:conditioned_attribute",
		"tick_rate": 1,
		"modifier": {
			"attribute": "generic.movement_speed",
			"operation": "multiply_total",
			"value": 1.0
		},
		"condition": {
			"type": "origins:resource",
			"resource": "originsubspecies:hit_and_run_timer",
			"comparison": ">",
			"compare_to": 0
		}
	},
	"name": "Hit and Run",
	"description": "You are specially evolved to attack in quick bursts, then run away before a potential threat can respond. Your running speed is doubled for 3 seconds after hitting another creature."
}