{
	"type": "origins:multiple",
	"mode": {
		"type": "origins:cooldown",
		"cooldown": 1200,
		"hud_render": {
			"sprite_location": "origins:textures/gui/community/huang/resource_bar_02.png",
			"condition": {
				"type": "origins:resource",
				"resource": "originsubspecies:hypercharge_mode",
				"comparison": ">",
				"compare_to": 0
			},
			"inverted": true
		}
	},
	"no_lightning_damage": {
		"type": "origins:invulnerability",
		"damage_condition": {
			"type": "origins:name",
			"name": "lightningBolt"
		}
	},
	"toggle": {
		"type": "origins:active_self",
		"entity_action": {
			"type": "origins:if_else",
			"condition": {
				"type": "origins:and",
				"conditions": [
					{
						"type": "origins:resource",
						"resource": "originsubspecies:hypercharge_mode",
						"comparison": "==",
						"compare_to": 0
					},
					{
						"type": "origins:resource",
						"resource": "originsubspecies:hypercharge_cooldown",
						"comparison": "==",
						"compare_to": 0
					}
				]
			},
			"if_action": {
				"type": "origins:and",
				"actions": [
					{
						"type": "origins:trigger_cooldown",
						"power": "originsubspecies:hypercharge_mode"
					},
					{
						"type": "origins:spawn_entity",
						"entity_type": "minecraft:lightning_bolt"
					}
				]
			}
		},
		"cooldown": 1,
		"key": {
			"key": "key.origins.primary_active"
		}
	},
	"lightning": {
		"type": "origins:active_self",
		"entity_action": {
			"type": "origins:raycast",
			"distance": 32,
			"block": false,
			"fluid_handling": "none",
			"bientity_action": {
				"type": "origins:target_action",
				"action": {
					"type": "origins:spawn_entity",
					"entity_type": "minecraft:lightning_bolt"
				}
			},
			"hit_action": {
				"type": "origins:change_resource",
				"resource": "originsubspecies:hypercharge_mode",
				"change" : -100
			},
			"command_along_ray": "particle minecraft:end_rod",
			"command_step": 0.5,
			"command_along_ray_only_on_hit": true
		},
		"cooldown": 1,
		"key": {
			"key": "key.origins.secondary_active"
		},
		"condition": {
			"type": "origins:resource",
			"resource": "originsubspecies:hypercharge_mode",
			"comparison": ">",
			"compare_to": 0
		}
	},
	"flight": {
		"type": "origins:creative_flight",
		"condition": {
			"type": "origins:resource",
			"resource": "originsubspecies:hypercharge_mode",
			"comparison": ">",
			"compare_to": 0
		}
	},
	"explode_on_death": {
		"type": "origins:action_when_damage_taken",
		"entity_action": {
			"type": "origins:and",
			"actions": [
				{
					"type": "origins:explode",
					"power": 10,
					"destruction_type": "destroy",
					"damage_self": false,
					"create_fire": true
				},
				{
					"type": "origins:spawn_entity",
					"entity_type": "minecraft:lightning_bolt"
				},
				{
					"type": "origins:change_resource",
					"resource": "originsubspecies:hypercharge_mode",
					"change": -1200,
					"operation": "add"
				}
			]
		},
		"cooldown": 1,
		"condition": {
			"type": "origins:and",
			"conditions": [
				{
					"type": "origins:health",
					"comparison": "<=",
					"compare_to": 0
				},
				{
					"type": "origins:resource",
					"resource": "originsubspecies:hypercharge_mode",
					"comparison": ">",
					"compare_to": 0
				}
			]
		}
	},
	"more_strength": {
		"type": "origins:modify_damage_dealt",
		"modifier": {
			"operation": "multiply_base_multiplicative",
			"value": 1
		},
		"condition": {
			"type": "origins:resource",
			"resource": "originsubspecies:hypercharge_mode",
			"comparison": ">",
			"compare_to": 0
		}
	},
	"more_damage": {
		"type": "origins:modify_damage_taken",
		"modifier": {
			"operation": "multiply_base_multiplicative",
			"value": 1
		},
		"condition": {
			"type": "origins:resource",
			"resource": "originsubspecies:hypercharge_mode",
			"comparison": ">",
			"compare_to": 0
		}
	},
	"fast": {
		"type": "origins:conditioned_attribute",
		"modifier": {
			"attribute": "minecraft:generic.movement_speed",
			"operation": "multiply_total",
			"value": 1
		},
		"condition": {
			"type": "origins:resource",
			"resource": "originsubspecies:hypercharge_mode",
			"comparison": ">",
			"compare_to": 0
		}
	},
	"cooldown": {
		"type": "origins:cooldown",
		"cooldown": 1200,
		"hud_render": {
			"sprite_location": "origins:textures/gui/community/huang/resource_bar_02.png",
			"bar_index": 12,
			"condition": {
				"type": "origins:resource",
				"resource": "originsubspecies:hypercharge_cooldown",
				"comparison": ">",
				"compare_to": 0
			}
		}
	},
	"activate_cooldown": {
		"type": "origins:action_over_time",
		"condition": {
			"type": "origins:resource",
			"resource": "originsubspecies:hypercharge_mode",
			"comparison": "==",
			"compare_to": 0
		},
		"rising_action": {
			"type": "origins:trigger_cooldown",
			"power": "originsubspecies:hypercharge_cooldown"
		}
	},
	"name": "Hypercharge",
	"description": "You have the ability to massively increase the electric charge in your body, temporarily increasing both your strength and volatility. When you press the primary ability key, you will enter hypercharged mode for up to a minute. In this mode, when you press the secondary ability key, if you are looking at any creature, it will be struck by lightning, and 5 seconds will be removed from your remaining time. Additionally, while in hypercharged mode, you deal double damage, can fly, and move twice as fast. However, you also take double damage and explode violently on death, as your stored charge is released all at once. Once you exit this mode by any means, you cannot re-enter it for the next minute."	
}