{
	"type": "origins:multiple",
	"extra_armor": {
		"type": "origins:attribute",
		"modifier": {
			"attribute": "minecraft:generic.armor",
			"operation": "addition",
			"value": 6
		}
	},
	"damage_reduction": {
		"type": "origins:modify_damage_taken",
		"modifier": {
			"operation": "multiply_total",
			"value": -0.25
		}
	},
	"name": "Impenetrable Armor",
	"description": "You are covered in a strong, armor-like shell. You have an additional 3 armor bars, and all damage you take is reduced by 25%"
}