{
	"type": "origins:action_on_callback",
	"entity_action_chosen": {
		"type": "origins:and",
		"actions": [
			{
				"type": "origins:execute_command",
				"command": "scale set pehkui:height 0.15"
			},
			{
				"type": "origins:execute_command",
				"command": "scale set pehkui:width 0.15"
			},
			{
				"type": "origins:execute_command",
				"command": "scale set pehkui:health 0.5"
			},
			{
				"type": "origins:execute_command",
				"command": "scale set pehkui:reach 0.5"
			}
		]
	},
	"entity_action_respawned": {
		"type": "origins:and",
		"actions": [
			{
				"type": "origins:execute_command",
				"command": "scale set pehkui:height 0.15"
			},
			{
				"type": "origins:execute_command",
				"command": "scale set pehkui:width 0.15"
			},
			{
				"type": "origins:execute_command",
				"command": "scale set pehkui:health 0.5"
			},
			{
				"type": "origins:execute_command",
				"command": "scale set pehkui:reach 0.5"
			}
		]
	},
	"entity_action_lost": {
		"type": "origins:and",
		"actions": [
			{
				"type": "origins:execute_command",
				"command": "scale reset pehkui:height"
			},
			{
				"type": "origins:execute_command",
				"command": "scale reset pehkui:width"
			},
			{
				"type": "origins:execute_command",
				"command": "scale reset pehkui:health"
			},
			{
				"type": "origins:execute_command",
				"command": "scale reset pehkui:reach"
			}
		]
	},
	"name": "Bite Sized",
	"description": "You are 15% the size of a normal player, and have half the reach and health."
}