{
	"type": "origins:multiple",
	"speed": {
		"type": "origins:attribute",
		"modifiers": [
			{
				"attribute": "generic.movement_speed",
				"operation": "multiply_base",
				"value": 1
			},
			{
				"attribute": "generic.attack_speed",
				"operation": "multiply_total",
				"value": 1
			}
		]
	},
	"jump": {
		"type": "origins:modify_jump",
		"modifier": {
			"operation": "multiply_base",
			"value": 0.6
		}
	},
	"name": "Light Body",
	"description": "Your body is light, meaning you move and attack twice as fast, and can jump 2 blocks in the air."
}