{
	"type": "origins:stacking_status_effect",
	"min_stacks": 0,
	"max_stacks": 1,
	"duration_per_stack": 600,
	"effect": {
		"effect": "minecraft:water_breathing",
		"show_particles": false,
		"show_icon": false,
		"is_ambient": true
	},
	"condition": {
		"type": "origins:submerged_in",
		"fluid": "minecraft:water",
		"inverted": true
	},
	"name": "Long Breath",
	"description": "You have evolved to be able to hold your breath underwater for a long time, adding 30 seconds onto your breath timer."
}