{
	"type": "origins:invulnerability",
	"damage_condition": {
		"type": "origins:or",
		"conditions": [
			{
				"type": "origins:name",
				"name": "indirectMagic"
			},
			{
				"type": "origins:name",
				"name": "magic"
			},
			{
				"type": "origins:name",
				"name": "thorns"
			},
			{
				"type": "origins:name",
				"name": "wither"
			}
		]
	},
	"name": "Magic Absorbtion",
	"description": "You absorb all forms of magic energy near you. You are immune to all damage from magical sources."
}