{
	"type": "origins:multiple",
	"low_damage": {
		"type": "origins:modify_damage_dealt",
		"modifier": {
			"operation": "multiply_total",
			"value": -0.5
		},
		"condition": {
			"type": "origins:resource",
			"resource": "originsubspecies:shulker_shot_cooldown",
			"comparison": ">",
			"compare_to": 0
		}
	},
	"slowness": {
		"type": "origins:conditioned_attribute",
		"modifier": {
			"attribute": "minecraft:generic.movement_speed",
			"operation": "multiply_base",
			"value": -0.33
		},
		"condition": {
			"type": "origins:resource",
			"resource": "originsubspecies:shulker_shot_cooldown",
			"comparison": ">",
			"compare_to": 0
		}
	},
	"name": "Magic Exhaustion",
	"description": "Using energy from the end exhausts you, lowering your speed and attack damage. You move 25% slower and deal 50% less damage while your Shulker Shot is on cooldown."
}