{
	"type": "origins:fire_projectile",
	"entity_type": "minecraft:small_fireball",
	"cooldown": 60,
	"hud_render": {
		"bar_index": 7
	},
	"count": 3,
	"interval": 5,
	"divergence": 2.0,
	"sound": "minecraft:entity.blaze.shoot",
	"key": {
		"key": "key.origins.primary_active"
	},
	"condition": {
		"type": "origins:on_fire"
	},
	"name": "Magmatic Wrath",
	"description": "You can channel flames around you into powerful balls of fire. By pressing the primary ability key while on fire, you can shoot 3 fireballs in quick succession."
}