{
	"type": "origins:multiple",
	"damage": {
		"type": "origins:modify_damage_dealt",
		"damage_condition": {
			"type": "origins:or",
			"conditions": [
				{
					"type": "origins:name",
					"name": "magic"
				},
				{
					"type": "origins:name",
					"name": "magic.player"
				},
				{
					"type": "origins:name",
					"name": "indirectMagic"
				},
				{
					"type": "origins:name",
					"name": "indirectMagic.player"
				}
			]
		},
		"modifier": {
			"operation": "multiply_total",
			"value": 1
		}
	},
	"potion_length": {
		"type": "origins:modify_status_effect_duration",
		"modifier": {
			"operation": "multiply_total",
			"value": 1
		}
	},
	"potion_strength": {
		"type": "origins:modify_status_effect_amplifier",
		"modifier": {
			"operation": "addition",
			"value": 1
		}
	},
	"name": "Mana Strength",
	"description": "Because your body is made of pure magic energy, the effects of any magic you may use is amplified. You deal 2x magic damage, and all potion effects on you last twice as long and are one level stronger."
}