{
	"type": "origins:action_on_callback",
	"entity_action_chosen": {
		"type": "origins:and",
		"actions": [
			{
				"type": "origins:execute_command",
				"command": "scale set pehkui:height 0.3"
			},
			{
				"type": "origins:execute_command",
				"command": "scale set pehkui:width 0.3"
			}
		]
	},
	"entity_action_respawned": {
		"type": "origins:and",
		"actions": [
			{
				"type": "origins:execute_command",
				"command": "scale set pehkui:height 0.3"
			},
			{
				"type": "origins:execute_command",
				"command": "scale set pehkui:width 0.3"
			}
		]
	},
	"entity_action_lost": {
		"type": "origins:and",
		"actions": [
			{
				"type": "origins:execute_command",
				"command": "scale reset pehkui:height"
			},
			{
				"type": "origins:execute_command",
				"command": "scale reset pehkui:width"
			}
		]
	},
	"name": "Miniscule",
	"description": "You are incredibly small, being only slightly taller than the Insectia subspecies of Elytrians."
}