{
	"type": "origins:modify_damage_dealt",
	"modifier": {
		"operation": "multiply_base",
		"value": 0.25
	},
	"self_action": {
		"type": "origins:add_velocity",
		"y": 0.5,
		"set": true
	},
	"target_action": {
		"type": "origins:delay",
		"action": {
			"type": "origins:add_velocity",
			"z": 0.33,
			"space": "velocity_horizontal"
		},
		"ticks": 1
	},
	"condition": {
		"type": "origins:and",
		"conditions": [
			{
				"type": "origins:on_block",
				"inverted": true
			},
			{
				"type": "origins:fluid_height",
				"fluid": "minecraft:water",
				"comparison": "==",
				"compare_to": 0
			},
			{
				"type": "origins:fluid_height",
				"fluid": "minecraft:lava",
				"comparison": "==",
				"compare_to": 0
			}
		]
	},
	"name": "Momentum Strike",
	"description": "Your body is optimized for the use of momentum for attacking. Airborne attacks deal increased damage and knockback, and launch you upwards slightly."
}