{
	"type": "origins:prevent_sleep",
	"condition": {
		"type": "origins:biome",
		"biomes": [
			"minecraft:ocean",
			"minecraft:deep_ocean",
			"minecraft:lukewarm_ocean",
			"minecraft:deep_lukewarm_ocean",
			"minecraft:warm_ocean",
			"minecraft:deep_warm_ocean",
			"minecraft:cold_ocean",
			"minecraft:deep_cold_ocean",
			"minecraft:frozen_ocean",
			"minecraft:deep_frozen_ocean"
		],
		"inverted": true
	},
	"message": "You can only sleep in the ocean",
	"name": "Ocean Home",
	"description": "You only truly feel comfortable in the oceans that you are so used to, and as such can only sleep in ocean biomes."
}