{
	"type": "origins:multiple",
	"no_burn": {
		"type": "origins:fire_immunity",
		"condition": {
			"type": "origins:submerged_in",
			"fluid": "minecraft:lava"
		}
	},
	"invisible": {
		"type": "origins:invisibility",
		"render_armor": false,
		"condition": {
			"type": "origins:submerged_in",
			"fluid": "minecraft:lava"
		}
	},
	"name": "Of Magma",
	"description": "Your body is formed entirely of magma. As such, when submerged in lava, you not only do not burn, but you also become completely invisible."
}