{
	"type": "origins:multiple",
	"timer": {
		"type": "origins:cooldown",
		"cooldown": 10,
		"hud_render": {
			"should_render": false
		}
	},
	"cooldown": {
		"type": "origins:cooldown",
		"cooldown": 100,
		"hud_render": {
			"should_render": true,
			"sprite_location": "origins:textures/gui/community/huang/resource_bar_02.png",
			"bar_index": 3
		}
	},
	"miss_cooldown": {
		"type": "origins:action_over_time",
		"interval": 1,
		"rising_action": {
			"type": "origins:trigger_cooldown",
			"power": "originsubspecies:parry_cooldown"
		},
		"condition": {
			"type": "origins:resource",
			"resource": "originsubspecies:parry_timer",
			"comparison": "==",
			"compare_to": 0
		}
	},
	"activate": {
		"type": "origins:active_self",
		"entity_action": {
			"type": "origins:and",
			"actions": [
				{
					"type": "origins:trigger_cooldown",
					"power": "originsubspecies:parry_timer"
				},
				{
					"type": "origins:play_sound",
					"sound": "block.calcite.break",
					"volume": 2
				}
			]
		},
		"hud_render": {
			"should_render": false
		},
		"key": {
			"key": "key.use"
		},
		"condition": {
			"type": "origins:and",
			"conditions": [
				{
					"type": "origins:equipped_item",
					"equipment_slot": "mainhand",
					"item_condition": {
						"type": "origins:ingredient",
						"ingredient": [
							{
								"item": "minecraft:wooden_sword"
							},
							{
								"item": "minecraft:stone_sword"
							},
							{
								"item": "minecraft:golden_sword"
							},
							{
								"item": "minecraft:iron_sword"
							},
							{
								"item": "minecraft:diamond_sword"
							},
							{
								"item": "minecraft:netherite_sword"
							}
						]
					}
				},
				{
					"type": "origins:resource",
					"resource": "originsubspecies:parry_timer",
					"comparison": "==",
					"compare_to": 0
				},
				{
					"type": "origins:resource",
					"resource": "originsubspecies:parry_cooldown",
					"comparison": "==",
					"compare_to": 0	
				}
			]
		}
	},
	"ranged": {
		"type": "origins:modify_damage_taken",
		"damage_condition": {
			"type": "origins:or",
			"conditions": [
				{
					"type": "origins:name",
					"name": "arrow"
				},
				{
					"type": "origins:name",
					"name": "fallingStalactite"
				},
				{
					"type": "origins:name",
					"name": "trident"
				},
				{
					"type": "origins:name",
					"name": "thrown"
				},
				{
					"type": "origins:name",
					"name": "witherSkull"
				}
			]
		},
		"modifier": {
			"operation": "multiply_total",
			"value": -1
		},
		"condition": {
			"type": "origins:resource",
			"resource": "originsubspecies:parry_timer",
			"comparison": ">",
			"compare_to": 0
		},
		"self_action": {
			"type": "origins:and",
			"actions": [
				{
					"type": "origins:change_resource",
					"resource": "originsubspecies:parry_timer",
					"operation": "set",
					"change": 20
				},
				{
					"type": "origins:delay",
					"action": {
						"type": "origins:change_resource",
						"resource": "originsubspecies:parry_cooldown",
						"operation": "set",
						"change": 100
					},
					"ticks": 1
				},
				{
					"type": "origins:play_sound",
					"sound": "block.copper.step",
					"volume": 2
				}
			]
		}
	},
	"melee": {
		"type": "origins:modify_damage_taken",
		"damage_condition": {
			"type": "origins:or",
			"conditions": [
				{
					"type": "origins:name",
					"name": "mob"
				},
				{
					"type": "origins:name",
					"name": "player"
				},
				{
					"type": "origins:name",
					"name": "sting"
				}
			]
		},
		"modifier": {
			"operation": "multiply_total",
			"value": -1
		},
		"condition": {
			"type": "origins:resource",
			"resource": "originsubspecies:parry_timer",
			"comparison": ">",
			"compare_to": 0
		},
		"self_action": {
			"type": "origins:and",
			"actions": [
				{
					"type": "origins:change_resource",
					"resource": "originsubspecies:parry_timer",
					"operation": "set",
					"change": 20
				},
				{
					"type": "origins:play_sound",
					"sound": "block.anvil.land",
					"pitch": 1.5
				}
			]
		},
		"attacker_action": {
			"type": "origins:apply_effect",
			"effects": [
				{
					"effect": "minecraft:slowness",
					"duration": 60,
					"amplifier": 9,
					"show_particles": false,
					"show_icon": false
				},
				{
					"effect": "minecraft:jump_boost",
					"duration": 60,
					"amplifier": 128,
					"show_particles": false,
					"show_icon": false
				},
				{
					"effect": "minecraft:weakness",
					"duration": 60,
					"amplifier": 127,
					"show_particles": false,
					"show_icon": false
				}
			]
		}
	},
	"name": "Parry",
	"description": "You have hard, hooked protrusions on your arms, specially evolved to deflect incoming attacks. Right click while holding a sword to prepare to parry. If hit by an attack within the next 0.5 seconds, it will be parried. Parried projectiles are deflected and no cooldown is imposed, and parried melee attacks impose a 5 second cooldown, but stun the attacker for 3 seconds. Failed parries impose a 5 second cooldown."
}