{
	"type": "origins:multiple",
	"cooldown": {
		"type": "origins:cooldown",
		"cooldown": 100,
		"hud_render": {
			"sprite_location": "origins:textures/gui/community/huang/resource_bar_01.png",
			"bar_index": 5
		}
	},
	"trigger": {
		"type": "origins:action_when_hit",
		"bientity_action": {
			"type": "origins:target_action",
			"action": {
				"type": "origins:trigger_cooldown",
				"power": "originsubspecies:phantom_instability_cooldown"
			}
		},
		"condition": {
			"type": "origins:power_active",
			"power": "origins:phantomize"
		}
	},
	"disable": {
		"type": "origins:action_over_time",
		"interval": 5,
		"entity_action": {
			"type": "origins:toggle",
			"power": "origins:phantomize"
		},
		"condition": {
			"type": "origins:and",
			"conditions": [
				{
					"type": "origins:power_active",
					"power": "origins:phantomize"
				},
				{
					"type": "origins:resource",
					"resource": "originsubspecies:phantom_instability_cooldown",
					"comparison": ">",
					"compare_to": 0
				}
			]
		},
		"rising_action": {
			"type": "origins:delay",
			"action": {
				"type": "origins:toggle",
				"power": "origins:phantomize"
			},
			"ticks": 1
		}
	},
	"name": "Phantom Instability",
	"description": "While your phantom state is much stronger than that of the average Phantom, this also makes it much harder to maintain, requiring intense concentration. When you take damage while in phantom state, you are taken out of phantom state, and cannot re-enter it for 5 seconds."
}