{
	"type": "origins:multiple",
	"speed": {
		"type": "origins:modify_swim_speed",
		"modifier": {
			"operation": "addition",
			"value": -0.01
		}
	},
	"sink": {
		"type": "origins:modify_falling",
		"velocity": 0.475,
		"condition": {
			"type": "origins:fluid_height",
			"fluid": "minecraft:water",
			"comparison": ">",
			"compare_to": 0
		}
	},
	"name": "Poor Swimmer",
	"description": "Due to you being rather unfamiliar with water, as well as your unique physiology, you are quite poor at swimming. You swim much slower and sink significantly faster in water."
}