{
	"type": "origins:multiple",
	"damage": {
		"type": "origins:modify_damage_dealt",
		"modifier": {
			"operation": "multiply_base_multiplicative",
			"value": 1
		}
	},
	"speed": {
		"type": "origins:attribute",
		"modifier": {
			"attribute": "generic.movement_speed",
			"operation": "multiply_base",
			"value": 0.5
		}
	},
	"size": {
		"type": "origins:action_on_callback",
		"entity_action_chosen": {
			"type": "origins:and",
			"actions": [
				{
					"type": "origins:execute_command",
					"command": "scale set pehkui:width 1.5"
				},
				{
					"type": "origins:execute_command",
					"command": "scale set pehkui:height 1.5"
				}
			]
		},
		"entity_action_respawned": {
			"type": "origins:and",
			"actions": [
				{
					"type": "origins:execute_command",
					"command": "scale set pehkui:width 1.5"
				},
				{
					"type": "origins:execute_command",
					"command": "scale set pehkui:height 1.5"
				}
			]
		},
		"entity_action_lost": {
			"type": "origins:and",
			"actions": [
				{
					"type": "origins:execute_command",
					"command": "scale reset pehkui:width"
				},
				{
					"type": "origins:execute_command",
					"command": "scale reset pehkui:height"
				}
			]
		}
	},
	"name": "Powerful Build",
	"description": "Your body is much larger, stronger, and faster than that of others. You are 50% larger than a normal player, move 50% faster, and deal 50% more damage."
}