{
	"type": "origins:modify_damage_taken",
	"damage_condition": {
		"type": "origins:or",
		"conditions": [
			{
				"type": "origins:name",
				"name": "arrow"
			},
			{
				"type": "origins:name",
				"name": "trident"
			},
			{
				"type": "origins:name",
				"name": "witherSkull"
			},
			{
				"type": "origins:name",
				"name": "thrown"
			}
		]
	},
	"modifier": {
		"operation": "multiply_total",
		"value": -1
	},
	"self_action": {
		"type": "origins:and",
		"actions": [
			{
				"type": "origins:if_else",
				"condition": {
					"type": "origins:power_active",
					"power": "originsubspecies:random_teleport_toggle"
				},
				"if_action": {
					"type": "origins:execute_command",
					"command": "spreadplayers ~ ~ 1 10 false @s"
				}
			},
			{
				"type": "origins:execute_command",
				"command": "playsound minecraft:entity.enderman.teleport master @s"
			}
		]
	},
	"name": "Projectile Avoidance",
	"description": "You avoid projectiles without fail by teleporting out of the way (toggle actual teleport with secondary)."					
}