{
	"type": "origins:multiple",
	"toggle": {
		"type": "origins:toggle",
		"key": {
			"key": "key.origins.secondary_active"
		}
	},
	"tp": {
		"type": "origins:self_action_when_hit",
		"entity_action": {
			"type": "origins:chance",
			"action": {
				"type": "origins:and",
				"actions": [
					{
						"type": "origins:execute_command",
						"command": "execute at @s run spreadplayers ~ ~ 1 15 false @s"
					},
					{
						"type": "origins:execute_command",
						"command": "playsound minecraft:entity.enderman.teleport master @s"
					}
				]
			},
			"chance": 0.4
		},
		"condition": {
			"type": "origins:power_active",
			"power": "originsubspecies:random_teleport_toggle"
		},
		"cooldown": 1
	},
	"name": "Warp Lifeline",
	"description": "When you take damage, there is a 40% chance that you will teleport to a random location on the surface within 15 blocks of you horizontally (toggle with secondary)."					
}