{
	"type": "origins:prevent_death",
        "damage_condition": {
		"type": "origins:or",
		"conditions": [
			{
				"type": "origins:projectile",
				"projectile": "minecraft:arrow"
			},
			{
				"type": "origins:projectile",
				"projectile": "minecraft:spectral_arrow"
			},
			{
				"type": "origins:projectile",
				"projectile": "minecraft:trident"
			},
			{
				"type": "origins:name",
				"name": "cactus"
			},
			{
				"type": "origins:name",
				"name": "freeze"
			},
			{
				"type": "origins:name",
				"name": "starve"
			},
			{
				"type": "origins:name",
				"name": "sting"
			},
			{
				"type": "origins:name",
				"name": "sweetBerryBush"
			},
			{
				"type": "origins:name",
				"name": "wither"
			}
		]
	},
	"name": "Reanimated",
	"description": "Due to your nature of being undead, certain things can injure you, but not fully kill you."
}