{
	"type": "origins:multiple",
	"no_water": {
		"type": "origins:ignore_water"
	},
	"speed_modifier": {
		"type": "origins:conditioned_attribute",
		"modifier": {
			"attribute": "minecraft:generic.movement_speed",
			"operation": "multiply_base",
			"value": 1.5
		},
		"tick_rate": 20,
		"condition": {
			"type": "origins:submerged_in",
			"fluid": "minecraft:water"
		}
	},
	"jump_modifier": {
		"type": "origins:modify_jump",
		"modifier": {
			"operation": "multiply_base",
			"value": 0.5
		},
		"condition": {
			"type": "origins:submerged_in",
			"fluid": "minecraft:water"
		}
	},
	"name": "Sea Walker",
	"description": "Due to thousands of years of adaptation, and your body's composition, you move underwater as humans do on land."
}