{
	"type": "origins:multiple",
	"melee": {
		"type": "origins:modify_damage_dealt",
		"damage_condition": {
			"type": "origins:or",
			"conditions": [
				{
					"type": "origins:name",
					"name": "magic.player"
				},
				{
					"type": "origins:name",
					"name": "magic"
				},
				{
					"type": "origins:name",
					"name": "indirectMagic.player"
				},
				{
					"type": "origins:name",
					"name": "indirectMagic"
				}
			],
			"inverted": true
		},
		"modifier": {
			"operation": "multiply_total_multiplicative",
			"value": -0.33
		}
	},
	"health": {
		"type": "origins:attribute",
		"modifier": {
			"attribute": "generic.max_health",
			"operation": "addition",
			"value": -2
		}
	},
	"name": "Semiphysical",
	"description": "Because your physical form is entirely energy based, you do not have the same physical strength or resilience as many others. You deal 33% less melee damage and have 1 heart fewer than the average feline."
}