{
	"type": "origins:multiple",
	"active": {
		"type": "origins:resource",
		"min": 0,
		"max": 1,
		"hud_render": {
			"sprite_location": "origins:textures/gui/community/spiderkolo/resource_bar_01.png",
			"bar_index": 24,
			"condition": {
				"type": "origins:resource",
				"resource": "originsubspecies:shade_mark_active",
				"comparison": "==",
				"compare_to": 1
			}
		}
	},
	"activate": {
		"type": "origins:active_self",
		"entity_action": {
			"type": "origins:if_else",
			"condition": {
				"type": "origins:resource",
				"resource": "originsubspecies:shade_mark_active",
				"comparison": "==",
				"compare_to": 0
			},
			"if_action": {
				"type": "origins:change_resource",
				"resource": "originsubspecies:shade_mark_active",
				"change": 1,
				"operation": "set"
			},
			"else_action": {
				"type": "origins:change_resource",
				"resource": "originsubspecies:shade_mark_active",
				"change": 0,
				"operation": "set"
			}
		},
		"key": {
			"key": "key.origins.secondary_active"
		}
	},
	"hit": {
		"type": "origins:action_on_hit",
		"bientity_action": {
			"type": "origins:and",
			"actions": [
				{
					"type": "origins:target_action",
					"action": {
						"type": "origins:if_else",
						"condition": {
							"type": "origins:status_effect",
							"effect": "minecraft:darkness"
						},
						"if_action": {
							"type": "origins:clear_effect",
							"effect": "minecraft:darkness"
						},
						"else_action": {
							"type": "origins:apply_effect",
							"effect": {
								"effect": "minecraft:darkness",
								"duration": 600,
								"amplifier": 0,
								"show_icon": false,
								"show_particles": false
							}
						}
					}
				},
				{
					"type": "origins:actor_action",
					"action": {
						"type": "origins:change_resource",
						"resource": "originsubspecies:shade_mark_active",
						"change": 0,
						"operation": "set"
					}
				}
			]

		},
		"condition": {
			"type": "origins:resource",
			"resource": "originsubspecies:shade_mark_active",
			"comparison": "==",
			"compare_to": 1
		}
	},
	"glow_1": {
		"type": "origins:entity_glow",
		"entity_condition": {
			"type": "origins:status_effect",
			"effect": "minecraft:darkness",
			"min_duration": 400
		},
		"use_teams": false,
		"red": 0.5,
		"green": 0.5,
		"blue": 0.5
	},
	"glow_2": {
		"type": "origins:entity_glow",
		"entity_condition": {
			"type": "origins:status_effect",
			"effect": "minecraft:darkness",
			"min_duration": 200,
			"max_duration": 400
		},
		"use_teams": false,
		"red": 0.25,
		"green": 0.25,
		"blue": 0.25
	},
	"glow_3": {
		"type": "origins:entity_glow",
		"entity_condition": {
			"type": "origins:status_effect",
			"effect": "minecraft:darkness",
			"min_duration": 1,
			"max_duration": 200
		},
		"use_teams": false,
		"red": 0.0,
		"green": 0.0,
		"blue": 0.0
	},
	"damage_1": {
		"type": "origins:modify_damage_dealt",
		"target_condition": {
			"type": "origins:status_effect",
			"effect": "minecraft:darkness",
			"min_duration": 400
		},
		"modifier": {
			"operation": "multiply_total_multiplicative",
			"value": 0.1
		},
		"condition": {
			"type": "origins:resource",
			"resource": "originsubspecies:shade_mark_active",
			"comparison": "==",
			"compare_to": 0
		}
	},
	"unmark_damage_1": {
		"type": "origins:modify_damage_dealt",
		"target_condition": {
			"type": "origins:status_effect",
			"effect": "minecraft:darkness",
			"min_duration": 400
		},
		"modifier": {
			"operation": "multiply_total_multiplicative",
			"value": 0.25
		},
		"condition": {
			"type": "origins:resource",
			"resource": "originsubspecies:shade_mark_active",
			"comparison": "==",
			"compare_to": 1
		}
	},
	"damage_2": {
		"type": "origins:modify_damage_dealt",
		"target_condition": {
			"type": "origins:status_effect",
			"effect": "minecraft:darkness",
			"min_duration": 200,
			"max_duration": 400
		},
		"modifier": {
			"operation": "multiply_total_multiplicative",
			"value": 0.25
		},
		"condition": {
			"type": "origins:resource",
			"resource": "originsubspecies:shade_mark_active",
			"comparison": "==",
			"compare_to": 0
		}
	},
	"unmark_damage_2": {
		"type": "origins:modify_damage_dealt",
		"target_condition": {
			"type": "origins:status_effect",
			"effect": "minecraft:darkness",
			"min_duration": 200,
			"max_duration": 400
		},
		"modifier": {
			"operation": "multiply_total_multiplicative",
			"value": 0.5
		},
		"condition": {
			"type": "origins:resource",
			"resource": "originsubspecies:shade_mark_active",
			"comparison": "==",
			"compare_to": 1
		}
	},
	"damage_3": {
		"type": "origins:modify_damage_dealt",
		"target_condition": {
			"type": "origins:status_effect",
			"effect": "minecraft:darkness",
			"min_duration": 1,
			"max_duration": 200
		},
		"modifier": {
			"operation": "multiply_total_multiplicative",
			"value": 0.5
		},
		"condition": {
			"type": "origins:resource",
			"resource": "originsubspecies:shade_mark_active",
			"comparison": "==",
			"compare_to": 0
		}
	},
	"unmark_damage_3": {
		"type": "origins:modify_damage_dealt",
		"target_condition": {
			"type": "origins:status_effect",
			"effect": "minecraft:darkness",
			"min_duration": 1,
			"max_duration": 200
		},
		"modifier": {
			"operation": "multiply_total_multiplicative",
			"value": 1
		},
		"condition": {
			"type": "origins:resource",
			"resource": "originsubspecies:shade_mark_active",
			"comparison": "==",
			"compare_to": 1
		}
	},
	"name": "Shade Mark",
	"description": "You can imbue your strikes with dark energy, marking your foes and increasing your attacks' effectiveness against them. When you attack with this ability active, all enemies hit will be marked for 30 seconds. For the duration, your attacks deal increased damage to that target. This damage bonus increases as the mark's duration decreases. Additionally, if you hit a target that is already marked while this ability is active, that attack will deal significantly more damage and the mark will be removed. The increased damage from unmarking also increases based on the remaining time on the mark. Marked opponents glow a different shade of gray based on the remaining time."
}