{
	"type": "origins:multiple",
	"shoot_projectile": {
		"type": "origins:fire_projectile",
		"entity_type": "minecraft:shulker_bullet",
		"cooldown": 100,
		"hud_render": {
			"should_render": true,
			"sprite_location": "origins:textures/gui/community/spiderkolo/resource_bar_03.png",
			"bar_index": 16
		},
		"speed": 0.5,
		"divergence": 0,
		"sound": "minecraft:entity.shulker.shoot",
		"tag": "{NoGravity:1}",
		"key": {
			"key": "key.origins.secondary_active"
		}
	},
	"cooldown": {
		"type": "origins:cooldown",
		"cooldown": 100,
		"hud_render": {
			"should_render": false
		}
	},
	"activate_cooldown": {
		"type": "origins:active_self",
		"entity_action": {
			"type": "origins:trigger_cooldown",
			"power": "originsubspecies:shulker_shot_cooldown"
		},
		"key": {
			"key": "key.origins.secondary_active"
		},
		"cooldown": 100
	},
	"name": "Shulker Shot",
	"description": "You fire a strange bullet using extradimensional energy using your secondary ability key"
}