{
	"type": "origins:multiple",
	"strafing": {
		"type": "origins:resource",
		"min": 0,
		"max": 1,
		"hud_render": {
			"should_render": false
		}
	},
	"left": {
		"type": "origins:active_self",
		"entity_action": {
			"type": "origins:change_resource",
			"resource": "originsubspecies:sidesprint_strafing",
			"change": 1,
			"operation": "set"
		},
		"cooldown": 1,
		"hud_render": {
			"should_render": false
		},
		"key": {
			"key": "key.left",
			"continuous": true
		},
		"condition": {
			"type": "origins:resource",
			"resource": "originsubspecies:sidesprint_strafing",
			"comparison": "==",
			"compare_to": 0
		}
	},
	"right": {
		"type": "origins:active_self",
		"entity_action": {
			"type": "origins:change_resource",
			"resource": "originsubspecies:sidesprint_strafing",
			"change": 1,
			"operation": "set"
		},
		"cooldown": 1,
		"hud_render": {
			"should_render": false
		},
		"key": {
			"key": "key.right",
			"continuous": true
		},
		"condition": {
			"type": "origins:resource",
			"resource": "originsubspecies:sidesprint_strafing",
			"comparison": "==",
			"compare_to": 0
		}
	},
	"forward": {
		"type": "origins:active_self",
		"entity_action": {
			"type": "origins:change_resource",
			"resource": "originsubspecies:sidesprint_strafing",
			"change": 0,
			"operation": "set"
		},
		"cooldown": 1,
		"hud_render": {
			"should_render": false
		},
		"key": {
			"key": "key.forward",
			"continuous": true
		},
		"condition": {
			"type": "origins:resource",
			"resource": "originsubspecies:sidesprint_strafing",
			"comparison": "==",
			"compare_to": 1
		}
	},
	"back": {
		"type": "origins:active_self",
		"entity_action": {
			"type": "origins:change_resource",
			"resource": "originsubspecies:sidesprint_strafing",
			"change": 0,
			"operation": "set"
		},
		"cooldown": 1,
		"hud_render": {
			"should_render": false
		},
		"key": {
			"key": "key.back",
			"continuous": true
		},
		"condition": {
			"type": "origins:resource",
			"resource": "originsubspecies:sidesprint_strafing",
			"comparison": "==",
			"compare_to": 1
		}
	},
	"speed_boost": {
		"type": "origins:conditioned_attribute",
		"modifier": {
			"attribute": "minecraft:generic.movement_speed",
			"operation": "multiply_total",
			"value": 0.75
		},
		"tick_rate": 1,
		"condition": {
			"type": "origins:resource",
			"resource": "originsubspecies:sidesprint_strafing",
			"comparison": "==",
			"compare_to": 1
		}
	},
	"badges": [
		
	],
	"name": "Sidesprint",
	"description": "Your legs are uniquely formed such that you move faster while walking sideways. Your movement speed gets a 1.75x multiplyer while strafing."
}