{
	"type": "origins:multiple",
	"used_switch": {
		"type": "origins:resource",
		"min": 0,
		"max": 1,
		"hud_render": {
			"should_render": false
		}
	},
	"cooldown": {
		"type": "origins:cooldown",
		"cooldown": 240,
		"hud_render": {
			"bar_index": 4
		}
	},
	"activate": {
		"type": "origins:active_self",
		"entity_action": {
			"type": "origins:change_resource",
			"resource": "originsubspecies:silk_chute_used_switch",
			"change": 1,
			"operation": "set"
		},
		"key": { 
			"key": "key.origins.secondary_active"
		},
		"condition": {
			"type": "origins:and",
			"conditions": [
				{
					"type": "origins:on_block",
					"inverted": true
				},
				{
					"type": "origins:resource",
					"resource": "originsubspecies:silk_chute_cooldown",
					"comparison": "==",
					"compare_to": 0
				}
			]
		}
	},
	"fall": {
		"type": "origins:modify_falling",
		"velocity": 0.01,
		"take_fall_damage": false,
		"condition": {
			"type": "origins:resource",
			"resource": "originsubspecies:silk_chute_used_switch",
			"comparison": "==",
			"compare_to": 1
		}
	},
	"airspeed": {
		"type": "origins:modify_air_speed",
		"modifier": {
			"operation": "multiply_total",
			"value": 1.0
		},
		"condition": {
			"type": "origins:resource",
			"resource": "originsubspecies:silk_chute_used_switch",
			"comparison": "==",
			"compare_to": 1
		}
	},
	"landing": {
		"type": "origins:action_over_time",
		"interval": 1,
		"condition": {
			"type": "origins:and",
			"conditions": [
				{
					"type": "origins:on_block"
				},
				{
					"type": "origins:resource",
					"resource": "originsubspecies:silk_chute_used_switch",
					"comparison": "==",
					"compare_to": 1
				}
			]
		},
		"rising_action": {
			"type": "origins:and",
			"actions": [
				{
					"type": "origins:trigger_cooldown",
					"power": "originsubspecies:silk_chute_cooldown"
				},
				{
					"type": "origins:change_resource",
					"resource": "originsubspecies:silk_chute_used_switch",
					"change": 0,
					"operation": "set"
				}
			]
		}
	},
	"crouch_cancel": {
		"type": "origins:action_over_time",
		"interval": 1,
		"condition": {
			"type": "origins:and",
			"conditions": [
				{
					"type": "origins:sneaking"
				},
				{
					"type": "origins:resource",
					"resource": "originsubspecies:silk_chute_used_switch",
					"comparison": "==",
					"compare_to": 1
				}
			]
		},
		"rising_action": {
			"type": "origins:and",
			"actions": [
				{
					"type": "origins:trigger_cooldown",
					"power": "originsubspecies:silk_chute_cooldown"
				},
				{
					"type": "origins:change_resource",
					"resource": "originsubspecies:silk_chute_used_switch",
					"change": 0,
					"operation": "set"
				}
			]
		}
	},
	"name": "Silk Chute",
	"description": "You can use your web silk to create a glider while falling. When in the air, press the secondary ability key to reduce fall speed, increase air speed and prevent fall damage for that fall. You can also crouch to cancel this early."
}