{
	"type": "origins:multiple",
	"health": {
		"type": "origins:attribute",
		"modifier": {
			"attribute": "generic.max_health",
			"operation": "addition",
			"value": -4
		}
	},
	"smol": {
		"type": "origins:action_on_callback",
		"entity_action_chosen": {
			"type": "origins:and",
			"actions": [
				{
					"type": "origins:execute_command",
					"command": "scale set pehkui:height 0.85"
				},
				{
					"type": "origins:execute_command",
					"command": "scale set pehkui:width 0.85"
				},
				{
					"type": "origins:execute_command",
					"command": "scale set pehkui:reach 0.85"
				}
			]
		},
		"entity_action_respawned": {
			"type": "origins:and",
			"actions": [
				{
					"type": "origins:execute_command",
					"command": "scale set pehkui:height 0.85"
				},
				{
					"type": "origins:execute_command",
					"command": "scale set pehkui:width 0.85"
				},
				{
					"type": "origins:execute_command",
					"command": "scale set pehkui:reach 0.85"
				}
			]
		},
		"entity_action_lost": {
			"type": "origins:and",
			"actions": [
				{
					"type": "origins:execute_command",
					"command": "scale reset pehkui:height"
				},
				{
					"type": "origins:execute_command",
					"command": "scale reset pehkui:width"
				},
				{
					"type": "origins:execute_command",
					"command": "scale reset pehkui:health"
				},
				{
					"type": "origins:execute_command",
					"command": "scale reset pehkui:reach"
				}
			]
		}
	},
	"name": "Small Form",
	"description": "Your body is smaller than most, resulting in reduced health and reach"
}