{
	"type": "origins:multiple",
	"damage_increase": {
		"type": "origins:modify_damage_dealt",
		"modifier": {
			"operation": "multiply_total",
			"value": 1
		},
		"self_action": {
			"type": "origins:if_else",
			"condition": {
				"type": "origins:sneaking",
				"inverted": true
			},
			"if_action": {
				"type": "origins:change_resource",
				"resource": "originsubspecies:camoflage_timer",
				"change": 0,
				"operation": "set"
			}
		},
		"condition": {
			"type": "origins:resource",
			"resource": "originsubspecies:camoflage_timer",
			"comparison": "==",
			"compare_to": 60
		}
	},
	"no_crouch_attack": {
		"type": "origins:modify_damage_dealt",
		"modifier": {
			"operation": "multiply_total",
			"value": -1
		},
		"condition": {
			"type": "origins:sneaking"
		}
	},
	"name": "Sneak Attack",
	"description": "You have evolved to become an ambush attacker. Your attacks deal double damage while camoflaged, but camoflaged attacks reveal you and you cannot attack while sneaking."
}