{
	"type": "origins:multiple",
	"selection": {
		"type": "origins:resource",
		"min": 1,
		"max": 4
	},
	"switch": {
		"type": "origins:active_self",
		"entity_action": {
			"type": "origins:if_else_list",
			"actions": [
				{
					"condition": {
						"type": "origins:resource",
						"resource": "originsubspecies:spellcaster_selection",
						"comparison": "==",
						"compare_to": 4
					},
					"action": {
						"type": "origins:and",
						"actions": [
							{
								"type": "origins:change_resource",
								"resource": "originsubspecies:spellcaster_selection",
								"operation": "set",
								"change": 1
							},
							{
								"type": "origins:execute_command",
								"command": "title @s actionbar [\"Selected: Magic Missile\"]"
							}
						]
					}
				},
				{
					"condition": {
						"type": "origins:resource",
						"resource": "originsubspecies:spellcaster_selection",
						"comparison": "==",
						"compare_to": 1
					},
					"action": {
						"type": "origins:and",
						"actions": [
							{
								"type": "origins:change_resource",
								"resource": "originsubspecies:spellcaster_selection",
								"operation": "set",
								"change": 2
							},
							{
								"type": "origins:execute_command",
								"command": "title @s actionbar [\"Selected: Heal\"]"
							}
						]
					}
				},
				{
					"condition": {
						"type": "origins:resource",
						"resource": "originsubspecies:spellcaster_selection",
						"comparison": "==",
						"compare_to": 2
					},
					"action": {
						"type": "origins:and",
						"actions": [
							{
								"type": "origins:change_resource",
								"resource": "originsubspecies:spellcaster_selection",
								"operation": "set",
								"change": 3
							},
							{
								"type": "origins:execute_command",
								"command": "title @s actionbar [\"Selected: Blessing\"]"
							}
						]
					}
				},
				{
					"condition": {
						"type": "origins:resource",
						"resource": "originsubspecies:spellcaster_selection",
						"comparison": "==",
						"compare_to": 3
					},
					"action": {
						"type": "origins:and",
						"actions": [
							{
								"type": "origins:change_resource",
								"resource": "originsubspecies:spellcaster_selection",
								"operation": "set",
								"change": 4
							},
							{
								"type": "origins:execute_command",
								"command": "title @s actionbar [\"Selected: Curse\"]"
							}
						]
					}
				}
			]
		},
		"key": {
			"key": "key.origins.secondary_active"
		}
	},
	"magic_missile": {
		"type": "origins:active_self",
		"entity_action": {
			"type": "origins:raycast",
			"distance": 10,
			"shape_type": "collider",
			"fluid_handling": "none",
			"bientity_action": {
				"type": "origins:and",
				"actions": [
					{
						"type": "origins:damage",
						"amount": 0,
						"source": {
							"name": "magic.player",
							"bypasses_armor": true,
							"unblockable": true
						}
					},
					{
						"type": "origins:target_action",
						"action": {
							"type": "origins:damage",
							"amount": 5,
							"source": {
								"name": "magic",
								"bypasses_armor": true,
								"unblockable": true
							}
						}
					}
				]
			},
			"hit_action": {
				"type": "origins:play_sound",
				"sound": "minecraft:entity.shulker.shoot",
				"pitch": 1.5
			},
			"command_along_ray": "particle minecraft:instant_effect",
			"command_step": 0.5,
			"command_along_ray_only_on_hit": true
		},
		"cooldown": 60,
		"hud_render": {
			"sprite_location": "origins:textures/gui/community/huang/resource_bar_02.png",
			"bar_index": 12
		},
		"condition": {
			"type": "origins:resource",
			"resource": "originsubspecies:spellcaster_selection",
			"comparison": "==",
			"compare_to": 1
		}
	},
	"heal": {
		"type": "origins:active_self",
		"entity_action": {
			"type": "origins:and",
			"actions": [
				{
					"type": "origins:heal",
					"amount": 8
				},
				{
					"type": "origins:execute_command",
					"command": "playsound minecraft:entity.player.levelup player @a ~ ~ ~ 1 1.5"
				}
			]
		},
		"cooldown": 100,
		"hud_render": {
			"sprite_location": "origins:textures/gui/community/huang/resource_bar_01.png",
			"bar_index": 4
		},
		"condition": {
			"type": "origins:resource",
			"resource": "originsubspecies:spellcaster_selection",
			"comparison": "==",
			"compare_to": 2
		}
	},
	"blessing": {
		"type": "origins:active_self",
		"entity_action": {
			"type": "origins:and",
			"actions": [
				{
					"type": "origins:choice",
					"actions": [
						{
							"element": {
							"type": "origins:apply_effect",
							"effect": {
								"effect": "minecraft:speed",
								"duration": 600,
								"amplifier": 0
							}
							},
							"weight": 150
						},
						{
							"element": {
							"type": "origins:apply_effect",
							"effect": {
								"effect": "minecraft:resistance",
								"duration": 600,
								"amplifier": 0
							}
							},
							"weight": 150
						},
						{
							"element": {
							"type": "origins:apply_effect",
							"effect": {
								"effect": "minecraft:health_boost",
								"duration": 600,
								"amplifier": -1
							}
							},
							"weight": 150
						},
						{
							"element": {
							"type": "origins:apply_effect",
							"effect": {
								"effect": "minecraft:absorption",
								"duration": 600,
								"amplifier": 1
							}
							},
							"weight": 100
						},
						{
							"element": {
							"type": "origins:apply_effect",
							"effect": {
								"effect": "minecraft:regeneration",
								"duration": 600,
								"amplifier": -1
							}
							},
							"weight": 100
						},
						{
							"element": {
							"type": "origins:apply_effect",
							"effect": {
								"effect": "minecraft:regeneration",
								"duration": 600,
								"amplifier": 1
							}
							},
							"weight": 50
						},
						{
							"element": {
							"type": "origins:apply_effect",
							"effects": [
								{
									"effect": "minecraft:resistance",
									"duration": 600,
									"amplifier": 0
								},
								{
									"effect": "minecraft:regeneration",
									"duration": 600,
									"amplifier": 0
								}
							]
							},
							"weight": 50
						},
						{
							"element": {
							"type": "origins:apply_effect",
							"effects": [
								{
									"effect": "minecraft:health_boost",
									"duration": 600,
									"amplifier": 4
								},
								{
									"effect": "minecraft:regeneration",
									"duration": 40,
									"amplifier": 4
								}
							]
							},
							"weight": 50
						},
						{
							"element": {
							"type": "origins:apply_effect",
							"effect": {
								"effect": "minecraft:strength",
								"duration": 600,
								"amplifier": 3
							}
							},
							"weight": 50
						},
						{
							"element": {
							"type": "origins:apply_effect",
							"effect": {
								"effect": "minecraft:speed",
								"duration": 600,
								"amplifier": 3
							}
							},
							"weight": 50
						},
						{
							"element": {
							"type": "origins:apply_effect",
							"effect": {
								"effect": "minecraft:resistance",
								"duration": 600,
								"amplifier": 1
							}
							},
							"weight": 50
						},
						{
							"element": {
							"type": "origins:apply_effect",
							"effect": {
								"effect": "minecraft:resistance",
								"duration": 600,
								"amplifier": 2
							}
							},
							"weight": 10
						},
						{
							"element": {
							"type": "origins:apply_effect",
							"effect": {
								"effect": "minecraft:speed",
								"duration": 600,
								"amplifier": 13
							}
							},
							"weight": 10
						},
						{
							"element": {
							"type": "origins:apply_effect",
							"effect": {
								"effect": "minecraft:regeneration",
								"duration": 600,
								"amplifier": 3
							}
							},
							"weight": 10
						},
						{
							"element": {
							"type": "origins:apply_effect",
							"effects": [
								{
									"effect": "minecraft:health_boost",
									"duration": 600,
									"amplifier": 19
								},
								{
									"effect": "minecraft:regeneration",
									"duration": 60,
									"amplifier": 4
								}
							]
							},
							"weight": 10
						},
						{
							"element": {
							"type": "origins:apply_effect",
							"effects": [
								{
									"effect": "minecraft:absorption",
									"duration": 600,
									"amplifier": 3
								},
								{
									"effect": "minecraft:regeneration",
									"duration": 600,
									"amplifier": 1
								},
								{
									"effect": "minecraft:resistance",
									"duration": 600,
									"amplifier": 0
								},
								{
									"effect": "minecraft:fire_resistance",
									"duration": 600,
									"amplifier": 0
								}
							]
							},
							"weight": 5
						},
						{
							"element": {
							"type": "origins:apply_effect",
							"effects": [
								{
									"effect": "minecraft:health_boost",
									"duration": 600,
									"amplifier": 4
								},
								{
									"effect": "minecraft:regeneration",
									"duration": 600,
									"amplifier": 2
								},
								{
									"effect": "minecraft:resistance",
									"duration": 600,
									"amplifier": 1
								},
								{
									"effect": "minecraft:fire_resistance",
									"duration": 600,
									"amplifier": 0
								}
							]
							},
							"weight": 4
						},
						{
							"element": {
							"type": "origins:and",
							"actions": [
								{
									"type": "origins:apply_effect",
									"effect": {
										"effect": "minecraft:resistance",
										"duration": 600,
										"amplifier": 3
									}
								},
								{
									"type": "origins:play_sound",
									"sound": "minecraft:ui.toast.challenge_complete",
									"pitch": 1.5
								}
							]
							},
							"weight": 1
						}
					]
				},
				{
					"type": "origins:play_sound",
					"sound": "minecraft:block.beacon.power_select",
					"pitch": 2
				}
			]
		},
		"cooldown": 1200,
		"hud_render": {
			"sprite_location": "origins:textures/gui/community/spiderkolo/resource_bar_03.png",
			"bar_index": 16,
			"inverted": true
		},
		"condition": {
			"type": "origins:resource",
			"resource": "originsubspecies:spellcaster_selection",
			"comparison": "==",
			"compare_to": 3
		}
	},
	"curse": {
		"type": "origins:active_self",
		"entity_action": {
			"type": "origins:raycast",
			"distance": 30,
			"shape_type": "collider",
			"fluid_handling": "none",
			"bientity_action": {
				"type": "origins:target_action",
				"action": {
					"type": "origins:choice",
					"actions": [
						{
							"element": {
							"type": "origins:apply_effect",
							"effect": {
								"effect": "minecraft:slowness",
								"duration": 600,
								"amplifier": 0
							}
							},
							"weight": 100
						},
						{
							"element": {
							"type": "origins:apply_effect",
							"effect": {
								"effect": "minecraft:weakness",
								"duration": 300,
								"amplifier": 0
							}
							},
							"weight": 100
						},
						{
							"element": {
							"type": "origins:apply_effect",
							"effect": {
								"effect": "minecraft:health_boost",
								"duration": 300,
								"amplifier": -2
							}
							},
							"weight": 100
						},
						{
							"element": {
							"type": "origins:apply_effect",
							"effect": {
								"effect": "minecraft:poison",
								"duration": 300,
								"amplifier": 0
							}
							},
							"weight": 100
						},
						{
							"element": {
							"type": "origins:apply_effect",
							"effect": {
								"effect": "minecraft:blindness",
								"duration": 300,
								"amplifier": 0
							}
							},
							"weight": 100
						},
						{
							"element": {
							"type": "origins:apply_effect",
							"effect": {
								"effect": "minecraft:poison",
								"duration": 300,
								"amplifier": 0
							}
							},
							"weight": 100
						},
						{
							"element": {
							"type": "origins:apply_effect",
							"effect": {
								"effect": "minecraft:levitation",
								"duration": 300,
								"amplifier": 0
							}
							},
							"weight": 100
						},
						{
							"element": {
							"type": "origins:apply_effect",
							"effect": {
								"effect": "minecraft:poison",
								"duration": 300,
								"amplifier": 1
							}
							},
							"weight": 50
						},
						{
							"element": {
							"type": "origins:apply_effect",
							"effect": {
								"effect": "minecraft:weakness",
								"duration": 300,
								"amplifier": 1
							}
							},
							"weight": 50
						},
						{
							"element": {
							"type": "origins:apply_effect",
							"effect": {
								"effect": "minecraft:slowness",
								"duration": 300,
								"amplifier": 1
							}
							},
							"weight": 50
						},
						{
							"element": {
							"type": "origins:apply_effect",
							"effect": {
								"effect": "minecraft:wither",
								"duration": 300,
								"amplifier": 0
							}
							},
							"weight": 50
						},
						{
							"element": {
							"type": "origins:apply_effect",
							"effect": {
								"effect": "minecraft:health_boost",
								"duration": 300,
								"amplifier": -3
							}
							},
							"weight": 50
						},
						{
							"element": {
							"type": "origins:apply_effect",
							"effect": {
								"effect": "minecraft:slowness",
								"duration": 300,
								"amplifier": 4
							}
							},
							"weight": 10
						},
						{
							"element": {
							"type": "origins:apply_effect",
							"effect": {
								"effect": "minecraft:darkness",
								"duration": 300,
								"amplifier": 1
							}
							},
							"weight": 10
						},
						{
							"element": {
							"type": "origins:apply_effect",
							"effect": {
								"effect": "minecraft:weakness",
								"duration": 300,
								"amplifier": 4
							}
							},
							"weight": 10
						},
						{
							"element": {
							"type": "origins:apply_effect",
							"effect": {
								"effect": "minecraft:health_boost",
								"duration": 300,
								"amplifier": -4
							}
							},
							"weight": 9
						},
						{
							"element": {
							"type": "origins:and",
							"actions": [
								{
									"type": "origins:apply_effect",
									"effect": {
										"effect": "minecraft:instant_damage",
										"duration": 20,
										"amplifier": 99
									}
								},
								{
									"type": "origins:play_sound",
									"sound": "minecraft:entity.elder_guardian.curse",
									"pitch": 0
								}
							]
							},
							"weight": 1
						}
					]
				}
			},
			"hit_action": {
				"type": "origins:play_sound",
				"sound": "minecraft:block.beacon.deactivate",
				"pitch": 0.5
			},
			"command_along_ray": "particle minecraft:dust 0.5 0.0 0.0 1.0",
			"command_step": 0.5,
			"command_along_ray_only_on_hit": true
		},
		"cooldown": 600,
		"hud_render": {
			"sprite_location": "origins:textures/gui/community/spiderkolo/resource_bar_03.png",
			"bar_index": 17
		},
		"condition": {
			"type": "origins:resource",
			"resource": "originsubspecies:spellcaster_selection",
			"comparison": "==",
			"compare_to": 4
		}
	},
	"name": "Spellcaster",
	"description": "You have some innate magical abilities due to being a Familiarity. As such, you can cast some minor spells, as follows: Magic missile: Low-mid damage, short cooldown, medium range, ignores armor and protection. Heal: short cooldown, heals you for 4 hearts. Blessing: Medium duration, applies a random positive effect to you. Curse: Long range, short duration, medium cooldown, applies a random negative effect to the target. You can cycle through these spells with the secondary ability key, and use the currently selected spell with the primary ability key."
}