{
	"type": "origins:modify_damage_taken",
	"damage_condition": {
		"type": "origins:attacker",
		"entity_condition": {
			"type": "origins:or",
			"conditions": [
				{
					"type": "origins:entity_type",
					"entity_type": "minecraft:spider"
				},
				{
					"type": "origins:entity_type",
					"entity_type": "minecraft:cave_spider"
				},
				{
					"type": "origins:origin",
					"origin": "origins:arachnid",
					"layer": "origins:origin"
				}
			]
		}
	},
	"modifier": {
		"operation": "multiply_total",
		"value": 0.5
	},
	"name": "Spider Snack",
	"description": "Spiders and their relatives deal 1.5x damage to you, due to you being a small, insect-like creature."
}