{
	"type": "origins:active_self",
	"cooldown": 60,
	"hud_render": {
		"should_render": true,
		"sprite_location": "origins:textures/gui/community/spiderkolo/resource_bar_03.png",
		"bar_index": 16
	},
	"key": {
		"key": "key.origins.primary_active"
	},
	"entity_action": {
		"type": "origins:add_velocity",
		"space": "local",
		"z": 2
	},
	"condition": {
		"type": "origins:or",
		"conditions": [
			{
				"type": "origins:on_block"
			},
			{
				"type": "origins:block_collision",
				"offset_x": 0.1,
				"offset_y": 0,
				"offset_z": 0.1
			},
			{
				"type": "origins:block_collision",
				"offset_x": -0.1,
				"offset_y": 0,
				"offset_z": -0.1
			}
		]
	},
	"name": "Spider Leap",
	"description": "Your legs are formed in a unique way, allowing you to leap with decent force by pressing the primary ability key while grounded or touching a wall."
}