{
	"type": "origins:multiple",
	"hearts": {
		"type": "origins:status_bar_texture",
		"texture": "originsubspecies:textures/eternal_hearts.png"
	},
	"healing": {
		"type": "origins:modify_healing",
		"modifier": {
			"operation": "multiply_total",
			"value": -0.5
		}
	},
	"damage": {
		"type": "origins:modify_damage_taken",
		"apply_armor_condition": {
			"type": "origins:relative_health",
			"comparison": ">=",
			"compare_to": 0.5
		}
	},
	"name": "Spirit Body",
	"description": "Because your body is a direct projection of your soul, wounds are much harder for you to heal, and armor will only truly protect you while your soul maintains decent strength. Armor only reduces damage while you are on half health or more, and you receive halved healing from all sources."
}