{
	"type": "origins:active_self",
	"entity_action": {
		"type": "origins:and",
		"actions": [
			{
				"type": "origins:execute_command",
				"command": "playsound minecraft:block.bell.resonate player @s ~ ~ ~ 1 1.5"
			},
			{
				"type": "origins:execute_command",
				"command": "spawnpoint"
			}
		]
	},
	"key": {
		"key": "key.origins.secondary_active"
	},
	"name": "Spirit Binding",
	"description": "You can bind your soul to any point, designating that as the place it will return to should your body be destroyed. You can set your spawnpoint to your current position at any time."
}