{
	"type": "origins:multiple",
	"resistance": {
		"type": "origins:modify_damage_taken",
		"damage_condition": {
			"type": "origins:name",
			"name": "fall"
		},
		"modifier": {
			"operation": "multiply_total",
			"value": -0.5
		}
	},
	"jump": {
		"type": "origins:modify_jump",
		"modifier": {
			"operation": "add_base_early",
			"value": 0.3
		},
		"condition": {
			"type": "origins:sneaking"
		}
	},
	"name": "Strong Legs",
	"description": "Your legs are much stronger than most, allowing you to leap rather high into the air. While crouching, your jump height is increased to 3 blocks. Additionally, all fall damage you take is halved."
}