{
	"type": "origins:multiple",
	"attributes": {
		"type": "origins:attribute",
		"modifiers": [
			{
				"attribute": "generic.armor",
				"operation": "addition",
				"value": 13
			},
			{
				"attribute": "generic.armor_toughness",
				"operation": "addition",
				"value": 5
			},
			{
				"attribute": "generic.knockback_resistance",
				"operation": "addition",
				"value": 0.25
			}
		]
	},
	"no_armor": {
		"type": "origins:restrict_armor",
		"head": {
			"type": "origins:armor_value",
			"comparison": ">",
			"compare_to": 0
		},
		"chest": {
			"type": "origins:armor_value",
			"comparison": ">",
			"compare_to": 0
		},
		"legs": {
			"type": "origins:armor_value",
			"comparison": ">",
			"compare_to": 0
		},
		"feet": {
			"type": "origins:armor_value",
			"comparison": ">",
			"compare_to": 0
		}
	},
	"name": "Sturdy Shell",
	"description": "Your body is covered in a thick, strong shell, granting you protection from attacks and making you harder to knock back. However, this also prevents you from wearing any armor."
}