{
	"type": "origins:multiple",
	"day_blind": {
		"type": "origins:modify_camera_submersion",
		"from": "none",
		"to": "lava",
		"condition": {
			"type": "origins:and",
			"conditions": [
				{
					"type": "origins:in_block_anywhere",
					"block_condition": {
						"type": "origins:light_level",
						"comparison": ">=",
						"compare_to": 10
					}
				},
				{
					"type": "origins:daytime"
				}
			]
		}
	},
	"night_blind": {
		"type": "origins:modify_camera_submersion",
		"from": "none",
		"to": "lava",
		"condition": {
			"type": "origins:and",
			"conditions": [
				{
					"type": "origins:in_block_anywhere",
					"block_condition": {
						"type": "origins:light_level",
						"light_type": "block",
						"comparison": ">=",
						"compare_to": 10
					}
				},
				{
					"type": "origins:daytime",
					"inverted": true
				}
			]
		}
	},
	"day_damage": {
		"type": "origins:damage_over_time",
		"damage": 1,
		"damage_source": {
			"name": "inFire",
			"bypasses_armor": true,
			"fire": true
		},
		"condition": {
			"type": "origins:and",
			"conditions": [
				{
					"type": "origins:in_block_anywhere",
					"block_condition": {
						"type": "origins:light_level",
						"comparison": ">=",
						"compare_to": 10
					}
				},
				{
					"type": "origins:daytime"
				},
				{
    					"type": "origins:power_active",
    					"power": "origins:phantomize",
					"inverted": true
				}
			]
		}
	},
	"night_damage": {
		"type": "origins:damage_over_time",
		"damage": 1,
		"damage_source": {
			"name": "inFire",
			"bypasses_armor": true,
			"fire": true
		},
		"condition": {
			"type": "origins:and",
			"conditions": [
				{
					"type": "origins:in_block_anywhere",
					"block_condition": {
						"type": "origins:light_level",
						"light_type": "block",
						"comparison": ">=",
						"compare_to": 10
					}
				},
				{
					"type": "origins:daytime",
					"inverted": true
				},
				{
    					"type": "origins:power_active",
    					"power": "origins:phantomize",
					"inverted": true
				}
			]
		}
	},
	"lava_vision": {
		"type": "origins:lava_vision",
		"s": 0,
		"v": 5,
		"condition": {
			"type": "origins:submerged_in",
			"fluid": "minecraft:lava",
			"inverted": true
		}
	},
	"name": "Too Bright",
	"description": "Because your body is entirely made of darkness, you are highly vulnerable to high light levels. While you are in an area of light level 10 or above, you see as if you were in lava, and if not in phantom state, you take damage over time."
}