{
	"type": "origins:action_on_callback",
	"entity_action_chosen": {
		"type": "origins:delay",
		"action": {
			"type": "origins:execute_command",
			"command": "power remove @s origins:vegetarian"
		},
		"ticks": 1
	},
	"entity_action_added": {
		"type": "origins:delay",
		"action": {
			"type": "origins:execute_command",
			"command": "power remove @s origins:vegetarian"
		},
		"ticks": 1
	},
	"entity_action_respawned": {
		"type": "origins:delay",
		"action": {
			"type": "origins:execute_command",
			"command": "power remove @s origins:vegetarian"
		},
		"ticks": 1
	},
	"hidden": true
}