{
	"type": "origins:modify_damage_dealt",
	"target_condition": {
		"type": "origins:in_block_anywhere",
		"block_condition": {
			"type": "origins:or",
			"conditions": [
				{
					"type": "origins:block",
					"block": "minecraft:cobweb"
				},
				{
					"type": "origins:block",
					"block": "origins:temporary_cobweb"
				}
			]
		}
	},
	"modifier": {
		"operation": "multiply_total_multiplicative",
		"value": 1
	},
	"name": "Vulnerable Position",
	"description": "You are able to effectively utilize the vulnerability of foes trapped in webs. You deal double damage to any creature stuck in cobwebs."
}