{
	"type": "origins:multiple",
	"combo": {
		"type": "origins:resource",
		"min": 0,
		"max": 100
	},
	"timer": {
		"type": "origins:cooldown",
		"cooldown": 30
	},
	"increase": {
		"type": "origins:self_action_on_hit",
		"entity_action": {
			"type": "origins:and",
			"actions": [
				{
					"type": "origins:if_else",
					"condition": {
						"type": "origins:resource",
						"resource": "originsubspecies:warp_combat_timer",
						"comparison": "==",
						"compare_to": 0
					},
					"if_action": {
						"type": "origins:trigger_cooldown",
						"power": "originsubspecies:warp_combat_timer"
					},
					"else_action": {
						"type": "origins:change_resource",
						"resource": "originsubspecies:warp_combat_timer",
						"operation": "set",
						"change": 1
					}
				},
				{
					"type": "origins:change_resource",
					"resource": "originsubspecies:warp_combat_combo",
					"change": 1
				}
			]
		}
	},
	"reset": {
		"type": "origins:action_over_time",
		"interval": 1,
		"condition": {
			"type": "origins:resource",
			"resource": "originsubspecies:warp_combat_timer",
			"comparison": "==",
			"compare_to": 0
		},
		"rising_action": {
			"type": "origins:change_resource",
			"resource": "originsubspecies:warp_combat_combo",
			"operation": "set",
			"change": 0
		}
	},
	"damage": {
		"type": "origins:modify_damage_dealt",
		"modifier": {
			"operation": "multiply_total_multiplicative",
			"value": 0,
			"resource": "originsubspecies:warp_combat_combo",
			"modifier": {
				"operation": "multiply_total_multiplicative",
				"value": -0.9
			}
		}
	},
	"speed": {
		"type": "origins:modify_attribute",
		"attribute": "generic.attack_speed",
		"modifier": {
			"operation": "multiply_total_multiplicative",
			"value": 0,
			"resource": "originsubspecies:warp_combat_combo",
			"modifier": {
				"operation": "multiply_total_multiplicative",
				"value": -0.9
			}
		}
	},
	"name": "Warp Combat",
	"description": "You can utilize your teleportation abilities to increase your effectiveness in close-range combat, accelerating your attacks more and more with each consecutive hit. For each hit within 1.5 seconds of eachother, the next hit will deal 10% more damage and be 10% faster than the last."
}