{
	"type": "origins:multiple",
	"size": {
		"type": "origins:action_on_callback",
		"entity_action_chosen": {
			"type": "origins:and",
			"actions": [
				{
					"type": "origins:execute_command",
					"command": "scale set pehkui:width 1.5 @s"
				},
				{
					"type": "origins:execute_command",
					"command": "scale set pehkui:height 1.5 @s"
				}
			]
		},
		"entity_action_respawned": {
			"type": "origins:and",
			"actions": [
				{
					"type": "origins:execute_command",
					"command": "scale set pehkui:width 1.5 @s"
				},
				{
					"type": "origins:execute_command",
					"command": "scale set pehkui:height 1.5 @s"
				}
			]
		},
		"entity_action_added": {
			"type": "origins:and",
			"actions": [
				{
					"type": "origins:execute_command",
					"command": "scale set pehkui:width 1.5 @s"
				},
				{
					"type": "origins:execute_command",
					"command": "scale set pehkui:height 1.5 @s"
				}
			]
		},
		"entity_action_lost": {
			"type": "origins:and",
			"actions": [
				{
					"type": "origins:execute_command",
					"command": "scale set pehkui:width 1 @s"
				},
				{
					"type": "origins:execute_command",
					"command": "scale set pehkui:height 1 @s"
				}
			]
		},
		"entity_action_removed": {
			"type": "origins:and",
			"actions": [
				{
					"type": "origins:execute_command",
					"command": "scale set pehkui:width 1 @s"
				},
				{
					"type": "origins:execute_command",
					"command": "scale set pehkui:height 1 @s"
				}
			]
		}
	},
	"damage": {
		"type": "origins:modify_damage_dealt",
		"modifier": {
			"operation": "multiply_total",
			"value": 0.33
		}
	},
	"name": "Wingspan",
	"description": "Your body is larger than that of the average Avian due to your close relation with ancient creatures. You are 50% larger than a normal player, and your attacks deal 33% more damage."
}