{
	"type": "origins:action_on_hit",
	"bientity_action": {
		"type": "origins:target_action",
		"action": {
			"type": "origins:chance",
			"action": {
				"type": "origins:apply_effect",
				"effect": {
					"effect": "minecraft:wither",
					"amplifier": 1,
					"duration": 100,
					"show_particles": false
				}
			},
			"chance": 0.33
		}
	},
	"name": "Withering Toxin",
	"description": "Your body produces a deadly toxin which is sometimes applied to your attacks. Each time you hit an enemy, there is a 33% chance that the target is given Wither II for 5 seconds."
}