{
	"type": "origins:multiple",
	"shader": {
		"type": "origins:shader",
		"shader": "minecraft:shaders/post/pencil.json",
		"condition": {
			"type": "origins:power_active",
			"power": "origins:phantomize"
		}
	},
	"speed": {
		"type": "origins:conditioned_attribute",
		"modifier": {
			"attribute": "generic.movement_speed",
			"operation": "multiply_base",
			"value": 1
		},
		"condition": {
			"type": "origins:power_active",
			"power": "origins:phantomize"
		}
	},
	"damage": {
		"type": "origins:modify_damage_dealt",
		"modifier": {
			"operation": "multiply_base_additive",
			"value": 0.5
		},
		"condition": {
			"type": "origins:power_active",
			"power": "origins:phantomize"
		}
	},
	"night_vision": {
		"type": "origins:night_vision",
		"strength": 0.5,
		"condition": {
			"type": "origins:power_active",
			"power": "origins:phantomize"
		}
	},
	"elytra": {
		"type": "origins:elytra_flight",
		"render_elytra": false,
		"condition": {
			"type": "origins:power_active",
			"power": "origins:phantomize"
		}
	},
	"name": "Wraith Form",
	"description": "Your phantom state is uniquely powerful compared to most other Phantoms. While in phantom state, you move twice as fast, deal 50% more damage, have night vision, and can glide through the air as if you had elytra."
}