{
    "display": {
        "icon": {
            "item": "minecraft:carrot_on_a_stick",
            "nbt": "{CustomModelData:932003}"
        },
        "title": {
            "text": "§lQuest System",
            "color": "light_purple"
        },
        "description": {
            "text": "§aThis datapack is installed ! §7To uninstall:","extra": [
                {
                    "text": " §c'/function quest:uninstall'"
                }
            ]
        },
        "show_toast": false,
        "announce_to_chat": false
    },
    "parent": "global:prodigegasy",
    "criteria": {
        "trigger": {
            "trigger": "minecraft:tick"
        }
    }
}
