{
	"powers": [
		"origins:water_vision",
		"originsubspecies:long_breath",
		"originsubspecies:webbed_feet",
		"originsubspecies:pescitarian",
		"originsubspecies:ocean_home",
		"originsubspecies:vegetarian_remove"
	],
	"icon": "minecraft:cod_bucket",
	"order": 1,
	"impact": 2,
	"name": "Laridaeus",
	"description": "A coast-dwelling subspecies of Avian, Laridaeus sustain themselves upon fish they catch in the ocean, and are often found on rock outcroppings and islands in the open ocean."
}