{
  "elements": [
    {
      "element": {
        "element_type": "minecraft:legacy_single_pool_element",
        "location": "gatkong:village/cave/terminators/terminator_01",
        "processors": "minecraft:street_plains",
        "projection": "rigid"
      },
      "weight": 1
    },
    {
      "element": {
        "element_type": "minecraft:legacy_single_pool_element",
        "location": "gatkong:village/cave/terminators/terminator_02",
        "processors": "minecraft:street_plains",
        "projection": "rigid"
      },
      "weight": 1
    },
    {
      "element": {
        "element_type": "minecraft:legacy_single_pool_element",
        "location": "gatkong:village/cave/terminators/terminator_03",
        "processors": "minecraft:street_plains",
        "projection": "rigid"
      },
      "weight": 1
    }
  ],
  "fallback": "minecraft:empty",
  "name": "minecraft:village/desert/terminators"
}