{
    "type": "minecraft:generic",
    "pools": [
        {
            "rolls": {
                "min": 4,
                "max": 5
            },
            "entries": [
                {
                    "type": "minecraft:item",
                    "name": "minecraft:iron_ingot",
                    "functions": [
                        {
                            "function": "minecraft:set_count",
                            "count": {
                                "min": 3,
                                "max": 5
                            }
                        }
                    ]
                },
                {
                    "type": "minecraft:item",
                    "name": "minecraft:gold_ingot",
                    "functions": [
                        {
                            "function": "minecraft:set_count",
                            "count": {
                                "min": 1,
                                "max": 3
                            }
                        }
                    ]
                },
                {
                    "type": "minecraft:item",
                    "weight": 0,
                    "name": "minecraft:diamond",
                    "functions": [
                        {
                            "function": "minecraft:set_count",
                            "count": {
                                "min": 2,
                                "max": 4
                            }
                        }
                    ]
                },
                {
                    "type": "minecraft:item",
                    "name": "minecraft:experience_bottle",
                    "functions": [
                        {
                            "function": "minecraft:set_count",
                            "count": {
                                "min": 2,
                                "max": 4
                            }
                        }
                    ]
                },
                {
                    "type": "minecraft:item",
                    "weight": 0,
                    "name": "minecraft:enchanted_book",
                    "functions": [
                        {
                            "function": "minecraft:enchant_randomly",
                            "enchantments": [
                                "minecraft:sharpness",
                                "minecraft:blast_protection",
                                "minecraft:protection",
                                "minecraft:knockback",
                                "minecraft:flame",
                                "minecraft:looting"
                            ]
                        }
                    ]
                },
                {
                    "type": "minecraft:item",
                    "weight": 0,
                    "name": "minecraft:emerald",
                    "functions": [
                        {
                            "function": "minecraft:set_count",
                            "count": {
                                "min": 2,
                                "max": 4
                            }
                        }
                    ]
                },
                {
                    "type": "minecraft:item",
                    "name": "minecraft:arrow",
                    "functions": [
                        {
                            "function": "minecraft:set_count",
                            "count": {
                                "min": 10,
                                "max": 15
                            }
                        }
                    ]
                },
                {
                    "type": "minecraft:item",
                    "name": "minecraft:golden_apple",
                    "functions": [
                        {
                            "function": "minecraft:set_count",
                            "count": {
                                "min": 2,
                                "max": 4
                            }
                        }
                    ]
                },
                {
                    "type": "minecraft:item",
                    "weight": 1,
                    "name": "minecraft:bread",
                    "functions": [
                        {
                            "function": "minecraft:set_count",
                            "count": {
                                "min": 3,
                                "max": 6
                            }
                        }
                    ]
                },
                {
                    "type": "minecraft:item",
                    "weight": 1,
                    "name": "minecraft:cooked_porkchop",
                    "functions": [
                        {
                            "function": "minecraft:set_count",
                            "count": {
                                "min": 2,
                                "max": 4
                            }
                        }
                    ]
                },
                {
                    "type": "minecraft:item",
                    "weight": 1,
                    "name": "minecraft:cooked_chicken",
                    "functions": [
                        {
                            "function": "minecraft:set_count",
                            "count": {
                                "min": 2,
                                "max": 4
                            }
                        }
                    ]
                },
                {
                    "type": "minecraft:item",
                    "weight": 0,
                    "name": "minecraft:cake",
                    "functions": [
                        {
                            "function": "minecraft:set_count",
                            "count": {
                                "min": 1,
                                "max": 2
                            }
                        }
                    ]
                },
                {
                    "type": "minecraft:item",
                    "weight": 1,
                    "name": "minecraft:iron_pickaxe"
                },
                {
                    "type": "minecraft:item",
                    "weight": 1,
                    "name": "minecraft:iron_axe"
                },
                {
                    "type": "minecraft:item",
                    "weight": 1,
                    "name": "minecraft:wooden_shovel"
                },
                {
                    "type": "minecraft:item",
                    "weight": 1,
                    "name": "minecraft:stone_hoe"
                }
            ]
        }
    ]
}