{
    "type": "minecraft:generic",
    "pools": [
        {
            "rolls": {
                "min": 3,
                "max": 4
            },
            "entries": [
                {
                    "type": "minecraft:item",
                    "weight": 1,
                    "name": "minecraft:diamond"
                },
                {
                    "type": "minecraft:item",
                    "weight": 1,
                    "name": "minecraft:enchanted_golden_apple"
                },
                {
                    "type": "minecraft:item",
                    "weight": 2,
                    "name": "minecraft:netherite_scrap"
                },
                {
                    "type": "minecraft:item",
                    "weight": 5,
                    "name": "minecraft:emerald"
                }
            ]
        },
        {
            "rolls": {
                "min": 3,
                "max": 6
            },
            "entries": [
                {
                    "type": "minecraft:item",
                    "weight": 3,
                    "name": "minecraft:gold_ingot"
                },
                {
                    "type": "minecraft:item",
                    "weight": 2,
                    "name": "minecraft:iron_ingot"
                },
                {
                    "type": "minecraft:item",
                    "weight": 1,
                    "name": "minecraft:netherite_scrap"
                }
            ]
        },
        {
            "rolls": {
                "min": 2,
                "max": 4
            },
            "entries": [
                {
                    "type": "minecraft:item",
                    "weight": 1,
                    "name": "minecraft:diamond"
                },
                {
                    "type": "minecraft:item",
                    "weight": 1,
                    "name": "minecraft:experience_bottle"
                },
                {
                    "type": "minecraft:item",
                    "weight": 2,
                    "name": "minecraft:iron_ingot"
                }
            ]
        },
        {
            "rolls": {
                "min": 1,
                "max": 1
            },
            "entries": [
                {
                    "type": "minecraft:item",
                    "weight": 1,
                    "name": "minecraft:diamond_sword"
                },
                {
                    "type": "minecraft:item",
                    "weight": 1,
                    "name": "minecraft:diamond_pickaxe"
                },
                {
                    "type": "minecraft:item",
                    "weight": 1,
                    "name": "minecraft:diamond_axe"
                },
                {
                    "type": "minecraft:item",
                    "weight": 1,
                    "name": "minecraft:diamond_shovel"
                },
                {
                    "type": "minecraft:item",
                    "weight": 1,
                    "name": "minecraft:diamond_hoe"
                },
                {
                    "type": "minecraft:item",
                    "weight": 1,
                    "name": "minecraft:diamond_helmet"
                },
                {
                    "type": "minecraft:item",
                    "weight": 1,
                    "name": "minecraft:diamond_chestplate"
                },
                {
                    "type": "minecraft:item",
                    "weight": 1,
                    "name": "minecraft:diamond_leggings"
                },
                {
                    "type": "minecraft:item",
                    "weight": 1,
                    "name": "minecraft:diamond_boots"
                }
            ]
        }
    ]
}