{
    "type": "minecraft:generic",
    "pools": [
        {
            "rolls": {
                "min": 3,
                "max": 4
            },
            "entries": [
                {
                    "type": "minecraft:item",
                    "name": "minecraft:diamond"
                }
            ]
        },
        {
            "rolls": {
                "min": 2,
                "max": 3
            },
            "entries": [
                {
                    "type": "minecraft:item",
                    "name": "minecraft:gold_ingot"
                }
            ]
        },
        {
            "rolls": {
                "min": 1,
                "max": 2
            },
            "entries": [
                {
                    "type": "minecraft:item",
                    "name": "minecraft:netherite_scrap"
                },
                {
                    "type": "minecraft:item",
                    "weight": 1,
                    "name": "minecraft:emerald"
                },
                {
                    "type": "minecraft:item",
                    "name": "minecraft:experience_bottle"
                },
                {
                    "type": "minecraft:item",
                    "name": "minecraft:cooked_beef",
                    "functions": [
                        {
                            "function": "minecraft:set_count",
                            "count": {
                                "min": 30,
                                "max": 40
                            }
                        }
                    ]
                },
                {
                    "type": "minecraft:item",
                    "name": "minecraft:cooked_porkchop",
                    "functions": [
                        {
                            "function": "minecraft:set_count",
                            "count": {
                                "min": 15,
                                "max": 20
                            }
                        }
                    ]
                },
                {
                    "type": "minecraft:item",
                    "name": "minecraft:cooked_chicken",
                    "functions": [
                        {
                            "function": "minecraft:set_count",
                            "count": {
                                "min": 15,
                                "max": 20
                            }
                        }
                    ]
                },
                {
                    "type": "minecraft:item",
                    "name": "minecraft:baked_potato",
                    "functions": [
                        {
                            "function": "minecraft:set_count",
                            "count": {
                                "min": 15,
                                "max": 20
                            }
                        }
                    ]
                }
            ]
        },
        {
            "rolls": {
                "min": 1,
                "max": 1
            },
            "entries": [
                {
                    "type": "minecraft:item",
                    "weight": 1,
                    "name": "minecraft:iron_ingot",
                    "functions": [
                        {
                            "function": "minecraft:set_count",
                            "count": {
                                "min": 32,
                                "max": 48
                            }
                        }
                    ]
                },
                {
                    "type": "minecraft:item",
                    "weight": 1,
                    "name": "minecraft:golden_apple"
                },
                {
                    "type": "minecraft:item",
                    "weight": 3,
                    "name": "minecraft:iron_pickaxe"
                },
                {
                    "type": "minecraft:item",
                    "weight": 3,
                    "name": "minecraft:iron_axe"
                },
                {
                    "type": "minecraft:item",
                    "weight": 2,
                    "name": "minecraft:iron_shovel"
                },
                {
                    "type": "minecraft:item",
                    "weight": 1,
                    "name": "minecraft:iron_hoe"
                },
                {
                    "type": "minecraft:item",
                    "weight": 1,
                    "name": "minecraft:iron_helmet"
                },
                {
                    "type": "minecraft:item",
                    "weight": 1,
                    "name": "minecraft:iron_chestplate"
                },
                {
                    "type": "minecraft:item",
                    "weight": 1,
                    "name": "minecraft:iron_leggings"
                },
                {
                    "type": "minecraft:item",
                    "weight": 1,
                    "name": "minecraft:iron_boots"
                }
            ]
        }
    ]
}