[
    {
        "function": "minecraft:set_lore",
        "entity": "this",
        "lore": [
            {
                "text": "This quest is active !",
                "color": "yellow",
                "bold": false,
                "italic": false
            },
            {
                "text": "Possible Reward:",
                "color": "aqua",
                "bold": true,
                "italic": false
            },
            {
                "text": "- 3 to 5 iron ingots",
                "color": "dark_aqua",
                "bold": false,
                "italic": false
            },
            {
                "text": "- 1 to 3 gold ingots",
                "color": "dark_aqua",
                "bold": false,
                "italic": false
            },
            {
                "text": "- 2 to 4 diamonds",
                "color": "dark_aqua",
                "bold": false,
                "italic": false
            },
            {
                "text": "- 2 to 4 experience bottles",
                "color": "dark_aqua",
                "bold": false,
                "italic": false
            },
            {
                "text": "- Enchanted Book (Sharpness, Blast Protection, ...)",
                "color": "dark_aqua",
                "bold": false,
                "italic": false
            },
            {
                "text": "- More...",
                "color": "green",
                "bold": true,
                "italic": false
            }
        ],
        "replace": true
    },
    {
        "function": "minecraft:set_nbt",
        "tag": "{quest:{reveal:1b}}"
    }
]