[
    {
        "function": "minecraft:set_lore",
        "entity": "this",
        "lore": [
            {
                "text": "This quest is active !",
                "color": "yellow",
                "bold": false,
                "italic": false
            },
            {
                "text": "Possible Reward:",
                "color": "aqua",
                "bold": true,
                "italic": false
            },
            {
                "text": "- 3 to 4 Diamonds",
                "color": "dark_aqua",
                "bold": false,
                "italic": false
            },
            {
                "text": "- Enchanted Golden Apple",
                "color": "dark_aqua",
                "bold": false,
                "italic": false
            },
            {
                "text": "- 4 to 6 Netherite Scrap",
                "color": "dark_aqua",
                "bold": false,
                "italic": false
            },
            {
                "text": "- 5 Emeralds",
                "color": "dark_aqua",
                "bold": false,
                "italic": false
            },
            {
                "text": "- 3 to 6 Gold Ingots",
                "color": "dark_aqua",
                "bold": false,
                "italic": false
            },
            {
                "text": "- 2 to 4 Iron Ingots",
                "color": "dark_aqua",
                "bold": false,
                "italic": false
            },
            {
                "text": "- 2 Netherite Ingot",
                "color": "dark_aqua",
                "bold": false,
                "italic": false
            },
            {
                "text": "- 1 Random Diamond Tool",
                "color": "dark_aqua",
                "bold": false,
                "italic": false
            },
            {
                "text": "- 1 Random Diamond Armor",
                "color": "dark_aqua",
                "bold": false,
                "italic": false
            },
            {
                "text": "- More...",
                "color": "green",
                "bold": true,
                "italic": false
            }
        ],
        "replace": true
    },
    {
        "function": "minecraft:set_nbt",
        "tag": "{quest:{reveal:1b}}"
    }
]