[
    {
        "function": "minecraft:set_lore",
        "entity": "this",
        "lore": [
            {
                "text": "This quest is active !",
                "color": "yellow",
                "bold": false,
                "italic": false
            },
            {
                "text": "Possible Reward:",
                "color": "aqua",
                "bold": true,
                "italic": false
            },
            {
                "text": "- 3 to 4 Diamonds",
                "color": "dark_aqua",
                "bold": false,
                "italic": false
            },
            {
                "text": "- 5 to 15 Gold Ingots",
                "color": "dark_aqua",
                "bold": false,
                "italic": false
            },
            {
                "text": "- 1 to 2 Netherite Scrap",
                "color": "dark_aqua",
                "bold": false,
                "italic": false
            },
            {
                "text": "- 1 Emerald",
                "color": "dark_aqua",
                "bold": false,
                "italic": false
            },
            {
                "text": "- 2 to 4 Experience Bottles",
                "color": "dark_aqua",
                "bold": false,
                "italic": false
            },
            {
                "text": "- 30 to 40 Cooked Beef",
                "color": "dark_aqua",
                "bold": false,
                "italic": false
            },
            {
                "text": "- 1 Random Iron Tool",
                "color": "dark_aqua",
                "bold": false,
                "italic": false
            },
            {
                "text": "- 15 to 20 Cooked Chicken",
                "color": "dark_aqua",
                "bold": false,
                "italic": false
            },
            {
                "text": "- 15 to 20 Baked Potato",
                "color": "dark_aqua",
                "bold": false,
                "italic": false
            },
            {
                "text": "- More...",
                "color": "green",
                "bold": true,
                "italic": false
            }
        ],
        "replace": true
    },
    {
        "function": "minecraft:set_nbt",
        "tag": "{quest:{reveal:1b}}"
    }
]