{
	"parent": "item/handheld",
	"textures": {
		"layer0": "item/carrot_on_a_stick"
	},
	"overrides": [
		{ "predicate": { "custom_model_data": 932001}, "model": "item/carrot_on_a_stick/quest/1" },
		{ "predicate": { "custom_model_data": 932002}, "model": "item/carrot_on_a_stick/2" },
		{ "predicate": { "custom_model_data": 932003}, "model": "item/carrot_on_a_stick/3" },
		{ "predicate": { "custom_model_data": 932005}, "model": "item/carrot_on_a_stick/1_f" },
		{ "predicate": { "custom_model_data": 932006}, "model": "item/carrot_on_a_stick/2_f" },
		{ "predicate": { "custom_model_data": 932007}, "model": "item/carrot_on_a_stick/3_f" }
	]
}
