{
	"type": "chest",
	"pools": [{
		"rolls": 3,
		"entries": [{
			"type": "item",
			"name": "minecraft:emerald",
			"weight": 7,
			"functions": [{
				"function": "set_count",
				"count": {
					"type": "uniform",
					"min": 3,
					"max": 5
				}
			}]
		},{
			"type": "item",
			"name": "minecraft:potion",
			"weight": 3,
			"functions": [{
				"function": "set_nbt",
				"tag": "{Potion:\"minecraft:water\"}"
			}]
		},{
			"type": "item",
			"name": "minecraft:nautilus_shell",
			"weight": 1
		},{
			"type": "item",
			"name": "minecraft:scute",
			"weight": 2,
			"functions": [{
				"function": "set_count",
				"count": {
					"type": "uniform",
					"min": 1,
					"max": 4
				}
			}]
		},{
			"type": "item",
			"name": "minecraft:turtle_helmet",
			"weight": 1
		},{
			"type": "item",
			"name": "minecraft:sweet_berries",
			"weight": 3,
			"functions": [{
				"function": "set_count",
				"count": {
					"type": "uniform",
					"min": 2,
					"max": 4
				}
			}]
		},{
			"type": "item",
			"name": "minecraft:melon_slice",
			"weight": 3,
			"functions": [{
				"function": "set_count",
				"count": {
					"type": "uniform",
					"min": 2,
					"max": 4
				}
			}]
		},{
			"type": "item",
			"name": "minecraft:apple",
			"weight": 3,
			"functions": [{
				"function": "set_count",
				"count": {
					"type": "uniform",
					"min": 1,
					"max": 2
				}
			}]
		}]
	}]
}