{
	"placement": {
		"type": "minecraft:random_spread",
		"salt": 19011220,
		"separation": 8,
		"spacing": 34,
		"spread_type": "triangular"
	},
	"structures": [{
		"structure": "tbirds:village_cherry",
		"weight": 1
	},{
		"structure": "tbirds:village_mangrove",
		"weight": 1
	},{
		"structure": "tbirds:village_wildwest",
		"weight": 1
	},{
		"structure": "tbirds:village_tiki",
		"weight": 1
	},{
		"structure": "tbirds:village_mansion",
		"weight": 1
	},{
		"structure": "tbirds:village_aztec",
		"weight": 1
	}]
}