{
  "order": 2,
  "name": "Subspecies",
  "missing_name": "Unknown Subspecies",
  "missing_description": "No description provided.",
  "replace":false,
  "auto_choose": true,
  "origins": [
    "originsubspecies:none",
    {
      "condition": {
        "type": "origins:origin",
        "origin": "origins:human",
        "layer": "origins:origin"
      },
      "origins": [
        "originsubspecies:human_avian_halfborn",
        "originsubspecies:human_arachnid_halfborn",
	"originsubspecies:human_blaze_halfborn",
	"originsubspecies:human_elytrian_halfborn",
	"originsubspecies:human_enderian_halfborn",
	"originsubspecies:human_feline_halfborn",
	"originsubspecies:human_merling_halfborn",
	"originsubspecies:human_shulk_halfborn",
	"originsubspecies:human_phantom_halfborn"
      ]
    },
    {
      "condition": {
        "type": "origins:origin",
        "origin": "origins:enderian",
        "layer": "origins:origin"
      },
      "origins": [
        "originsubspecies:enderian_farlander",
        "originsubspecies:enderian_voidbound",
        "originsubspecies:enderian_sentinel"
      ]
    },
    {
      "condition": {
        "type": "origins:origin",
        "origin": "origins:elytrian",
        "layer": "origins:origin"
      },
      "origins": [
        "originsubspecies:elytrian_aerius",
        "originsubspecies:elytrian_insectia",
	"originsubspecies:elytrian_galaxian"
      ]
    },
    {
      "condition": {
        "type": "origins:origin",
        "origin": "origins:avian",
        "layer": "origins:origin"
      },
      "origins": [
        "originsubspecies:avian_laridaeus",
        "originsubspecies:avian_flamefowl",
	"originsubspecies:avian_pteron"
      ]
    },
    {
      "condition": {
        "type": "origins:origin",
        "origin": "origins:merling",
        "layer": "origins:origin"
      },
      "origins": [
        "originsubspecies:merling_aquaform",
        "originsubspecies:merling_lifeless",
	"originsubspecies:merling_shellbearer"
      ]
    },
    {
      "condition": {
        "type": "origins:origin",
        "origin": "origins:shulk",
        "layer": "origins:origin"
      },
      "origins": [
        "originsubspecies:shulk_steelskin",
	"originsubspecies:shulk_endsoul",
	"originsubspecies:shulk_riftblade",
	"originsubspecies:shulk_shadestep"
      ]
    },
    {
      "condition": {
        "type": "origins:origin",
        "origin": "origins:arachnid",
        "layer": "origins:origin"
      },
      "origins": [
        "originsubspecies:arachnid_reclutier",
        "originsubspecies:arachnid_leaper",
	"originsubspecies:arachnid_bertran",
	"originsubspecies:arachnid_tarran"
      ]
    },
    {
      "condition": {
        "type": "origins:origin",
        "origin": "origins:blazeborn",
        "layer": "origins:origin"
      },
      "origins": [
        "originsubspecies:blazeborn_frostfire",
        "originsubspecies:blazeborn_chargex",
        "originsubspecies:blazeborn_magmatic"
      ]
    },
    {
      "condition": {
        "type": "origins:origin",
        "origin": "origins:feline",
        "layer": "origins:origin"
      },
      "origins": [
        "originsubspecies:feline_pantheria",
	  "originsubspecies:feline_familiarity",
	  "originsubspecies:feline_aqualine"
      ]
    },
    {
      "condition": {
        "type": "origins:origin",
        "origin": "origins:phantom",
        "layer": "origins:origin"
      },
      "origins": [
        "originsubspecies:phantom_wraith",
        "originsubspecies:phantom_shadow",
	"originsubspecies:phantom_eternal"
      ]
    }
  ]
}