{ "pools": [{
	"rolls": {
		"type": "uniform",
		"min": 1,
		"max": 3
	},
	"entries": [{
		"type": "item",
		"name": "minecraft:cod",
		"weight": 5,
		"functions": [{
			"function": "set_count",
			"count": {
				"type": "uniform",
				"min": 1,
				"max": 3
			}
		}]
	},{
		"type": "item",
		"name": "minecraft:fishing_rod",
		"weight": 1
	},{
		"type": "item",
		"name": "minecraft:potion",
		"weight": 1,
		"functions": [{
			"function": "set_name",
			"name": {
				"text": "Sunscreen",
				"italic": false
			}
		},{
			"function": "set_lore",
			"lore": [{
				"text": "SPF 50",
				"color": "yellow",
				"italic": false
			},
				"Not recommended for consumption."
			]
		},{
			"function": "set_nbt",
			"tag": "{CustomPotionEffects:[{Id:9,Duration:300}],CustomPotionColor:16777215,HideFlags:32}"
		}]
	}]
}]}