{
    "__comment": "Made by GatKong",
    "display": {
        "icon": {
            "item": "minecraft:player_head",
            "nbt": "{SkullOwner:{Id:[I;-1144885586,1720273960,-2073401080,-1158136558],Properties:{textures:[{Value:\"eyJ0ZXh0dXJlcyI6eyJTS0lOIjp7InVybCI6Imh0dHA6Ly90ZXh0dXJlcy5taW5lY3JhZnQubmV0L3RleHR1cmUvNGE5MjljNzE2NTQ0MmJmYTcwNGVlYTBmNTM2YTk3YzI3MDE5NzY3NzAyNDY5ZjA2YmY2MGJiYTkwMjBjZDIyNCJ9fX0=\"}]}}}" 
        },
        "__alt_icon": {
            "item": "minecraft:player_head",
            "nbt": "{SkullOwner:{Id:[I;-1219261729,-585677592,-1627448797,1655309720],Properties:{textures:[{Value:\"eyJ0ZXh0dXJlcyI6eyJTS0lOIjp7InVybCI6Imh0dHA6Ly90ZXh0dXJlcy5taW5lY3JhZnQubmV0L3RleHR1cmUvZmEzZmNlNTAzNmY3YWQ0ZjExMTExY2UzMThmOGYxYWVlODU5ZWY0OWRlMTI5M2YxMTYyY2EyZTJkZWEyODFkYiJ9fX0=\"}]}}}" 
        },
        "title": {
        "text": "Datapacks Installed"
        },
        "description": {
        "text": ""
        },
        "background": "minecraft:textures/block/vine.png",
        "frame": "task",
        "show_toast": false,
        "announce_to_chat": false,
        "hidden": false
    },
    "criteria": {
           "installed": { "trigger": "minecraft:tick" }
	}
}

