{
  "type": "minecraft:block_pile",
  "config": {
    "state_provider": {
      "type": "minecraft:weighted_state_provider",
      "entries": [
        {
          "weight": 2,
          "data": {
            "Name": "minecraft:clay"
          }
        },
        {
          "weight": 5,
          "data": {
            "Name": "minecraft:terracotta"
          }
        },
        {
          "weight": 1,
          "data": {
            "Properties": {
              "facing": "north"
            },
            "Name": "minecraft:black_glazed_terracotta"
          }
        },
        {
          "weight": 1,
          "data": {
            "Properties": {
              "facing": "north"
            },
            "Name": "minecraft:blue_glazed_terracotta"
          }
        },
        {
          "weight": 1,
          "data": {
            "Properties": {
              "facing": "north"
            },
            "Name": "minecraft:brown_glazed_terracotta"
          }
        },
        {
          "weight": 1,
          "data": {
            "Properties": {
              "facing": "north"
            },
            "Name": "minecraft:cyan_glazed_terracotta"
          }
        },
        {
          "weight": 1,
          "data": {
            "Properties": {
              "facing": "north"
            },
            "Name": "minecraft:gray_glazed_terracotta"
          }
        },
        {
          "weight": 1,
          "data": {
            "Properties": {
              "facing": "north"
            },
            "Name": "minecraft:green_glazed_terracotta"
          }
        },
        {
          "weight": 1,
          "data": {
            "Properties": {
              "facing": "north"
            },
            "Name": "minecraft:light_blue_glazed_terracotta"
          }
        },
        {
          "weight": 1,
          "data": {
            "Properties": {
              "facing": "north"
            },
            "Name": "minecraft:light_gray_glazed_terracotta"
          }
        },
        {
          "weight": 1,
          "data": {
            "Properties": {
              "facing": "north"
            },
            "Name": "minecraft:lime_glazed_terracotta"
          }
        },
        {
          "weight": 1,
          "data": {
            "Properties": {
              "facing": "north"
            },
            "Name": "minecraft:magenta_glazed_terracotta"
          }
        },
        {
          "weight": 1,
          "data": {
            "Properties": {
              "facing": "north"
            },
            "Name": "minecraft:orange_glazed_terracotta"
          }
        },
        {
          "weight": 1,
          "data": {
            "Properties": {
              "facing": "north"
            },
            "Name": "minecraft:pink_glazed_terracotta"
          }
        },
        {
          "weight": 1,
          "data": {
            "Properties": {
              "facing": "north"
            },
            "Name": "minecraft:purple_glazed_terracotta"
          }
        },
        {
          "weight": 1,
          "data": {
            "Properties": {
              "facing": "north"
            },
            "Name": "minecraft:red_glazed_terracotta"
          }
        },
        {
          "weight": 1,
          "data": {
            "Properties": {
              "facing": "north"
            },
            "Name": "minecraft:white_glazed_terracotta"
          }
        },
        {
          "weight": 1,
          "data": {
            "Properties": {
              "facing": "north"
            },
            "Name": "minecraft:yellow_glazed_terracotta"
          }
        }
      ]
    }
  }
}
