{
  "name": "gatkong:village/ocean/boat",
  "fallback": "minecraft:empty",
  "elements": [
    {
      "weight": 49,
      "element": {
        "location": "gatkong:village/ocean/boat/boat",
        "processors": "minecraft:empty",
        "projection": "rigid",
        "element_type": "minecraft:legacy_single_pool_element"
      }
    },
    {
      "weight": 49,
      "element": {
        "location": "gatkong:village/ocean/boat/boat_sailing",
        "processors": "minecraft:empty",
        "projection": "rigid",
        "element_type": "minecraft:legacy_single_pool_element"
      }
    },
    {
      "weight": 2,
      "element": {
        "location": "gatkong:village/ocean/boat/boat_zombie",
        "processors": "minecraft:zombie_plains",
        "projection": "rigid",
        "element_type": "minecraft:legacy_single_pool_element"
      }
    }
  ]
}